long,lat,opened_station,change_AADT_mean,change_AADT_sem,change_CRIME_mean,Opening Year
-76.945283,38.870353,1,-1925.0,470.0,4.0,2023.0
-77.361516,38.95866,1,0.0,,,
-77.045916,38.852903,1,1100.0,,,2021.0
-76.978519,38.869337,1,-24146.666666666668,23994.80475945667,-30.0,2021.0
-76.996023,38.922404,1,1093.0,467.0,126.0,2022.0
-77.044095,38.870561,1,-1500.0,500.0,,2022.0
-76.996133,38.932243,1,-1053.0,,18.0,2023.0
-76.960054,38.936213,1,565.5,2274.5,2.0,2019.0
-76.978627,38.901935,1,-3088.285714285714,1923.1822055952905,-39.0,2019.0
-77.337775,38.936061,1,,,,2023.0
-76.947287,38.900468,1,-1140.5,2150.5,34.0,2023.0
-77.053235,38.859751,1,271.42857142857144,1127.093667826424,,2010.0
-77.049232,38.856425,1,800.0,1649.7474554205764,,2019.0
-77.049417,38.861056,1,-2433.333333333333,669.1619966628244,,2019.0
-77.05949,38.857866,1,266.6666666666667,956.26588585207,,2020.0
-77.059936,38.862303,1,233.3333333333333,959.7453365925312,,2020.0
-77.063416,38.863314,1,0.0,,,2023.0
-77.051698,38.857785,1,800.0,1649.7474554205764,,2020.0
-77.051514,38.848466,1,-2500.0,7499.999999999999,,2019.0
-77.0502,38.8426,1,9000.0,,,2020.0
-77.049723,38.852929,1,-1025.0,3189.1417340720373,,2019.0
-77.05152,38.850688,1,-1025.0,3189.1417340720373,,2020.0
-77.0429,38.9003,1,-2510.6428571428573,838.4607601029038,123.0,2010.0
-77.032096,38.917765,1,-1739.3333333333333,871.5448990792794,98.0,2010.0
-77.027822,38.929464,1,286.0,22.0,-53.0,2010.0
-77.042525,38.922849,1,-133.5,508.17721646423047,-184.0,2010.0
-77.0322,38.9268,1,-3378.8,1765.2301096457652,-36.0,2010.0
-77.047637,38.923203,1,-0.5,644.7840077628064,-72.0,2010.0
-77.0388,38.9319,1,-2209.6666666666665,912.3905109351174,-110.0,2010.0
-77.017807,38.876941,1,-451.0,1852.9077149172865,22.0,2010.0
-77.034427,38.909801,1,-1851.0,3765.002700308904,179.0,2010.0
-77.032008,38.913046,1,588.2,2374.6320851870923,151.0,2010.0
-77.0323,38.9086,1,-2261.75,2790.8452108763445,205.0,
-77.045,38.8963,1,-1307.5384615384614,1510.7647775275116,-9.0,2010.0
-77.046449,38.900711,1,-2415.625,1264.868865838612,50.0,2010.0
-77.024181,38.936684,1,-1984.6666666666667,1034.025198489433,-170.0,2010.0
-77.032688,38.938024,1,-744.75,2337.0293242704506,-147.0,
-76.9955,38.9346,1,143.0,,63.0,
-77.019181,38.902734,1,-1816.5833333333333,1646.589300683769,-111.0,2010.0
-76.9769,38.8896,1,550.3333333333334,451.12863403296006,2.0,2010.0
-77.0315,38.9308,1,286.0,22.0,-3.0,2010.0
-76.969184,38.861663,1,-808.0,240.0,-56.0,
-77.05753,38.933626,1,-1151.0,1434.0,154.0,2023.0
-76.947446,38.897063,1,-1140.5,2150.5,64.0,2010.0
-76.941877,38.901385,1,1010.0,,-81.0,2010.0
-76.994578,38.862601,1,-2484.0,,-64.0,2010.0
-76.988039,38.867373,1,-3701.0,,12.0,
-77.043368,38.895734,1,-955.4615384615385,1336.9528864960275,-17.0,2010.0
-77.000648,38.919077,1,917.0,,-7.0,2010.0
-77.0259,38.9172,1,-2520.333333333333,1427.4103007428057,0.0,2010.0
-77.022327,38.924785,1,-911.6666666666666,454.7681949203474,29.0,2023.0
-77.005754,38.875023,1,8746.0,,92.0,2022.0
-77.0446,38.9154,1,-1732.428571428571,1453.7266536985103,-90.0,2010.0
-77.022003,38.916137,1,-4540.7,1383.6643624007154,152.0,2023.0
-77.053412,38.854381,1,1500.0,1199.305354500401,,2020.0
-77.004169,38.876219,1,138.0,,157.0,2010.0
-77.0444,38.9101,1,-2472.9,1091.8196986885905,143.0,2010.0
-77.005483,38.905697,1,-1042.75,954.5425933398676,186.0,2010.0
-77.047318,38.905711,1,-2436.0,1269.7641232021908,139.0,2021.0
-77.03863,38.90276,1,584.3333333333334,1023.0506744730108,132.0,2010.0
-77.015289,38.899408,1,-2510.3636363636365,1997.213482797412,-20.0,2010.0
-77.0023,38.8851,1,322.6666666666667,752.7575786547899,-9.0,2010.0
-76.9862,38.8803,1,7362.6,7661.959877211574,-37.0,2010.0
-76.987907,38.882915,1,-1115.75,2801.59396222341,-60.0,2019.0
-77.0387,38.9121,1,-2471.5,2406.948777325073,-106.0,2010.0
-77.063896,38.944551,1,4887.5,2384.5,58.0,2010.0
-77.0135,38.9126,1,-5230.5,4493.370848631719,47.0,2010.0
-76.9953,38.8792,1,-19684.85714285714,17028.824878267253,-94.0,2010.0
-77.087171,38.938736,1,2697.0,1659.0,-20.0,2010.0
-77.072755,38.934881,1,2605.5,3537.4999999999995,19.0,2010.0
-77.032818,38.947774,1,-2091.0,,-51.0,2010.0
-76.9784,38.865784,1,-1740.0,,-47.0,2010.0
-76.971015,38.873057,1,-808.5,576.0026764984111,-86.0,2010.0
-76.996806,38.886952,1,614.375,423.7274198577261,-42.0,2010.0
-77.031686,38.899632,1,235.6315789473684,1146.1067130605145,369.0,2010.0
-76.947974,38.894,1,-3291.0,,36.0,2010.0
-77.028242,38.886277,1,1678.142857142857,3906.1777348961778,33.0,2019.0
-77.059117,38.902268,1,-4174.0,3097.489736329512,157.0,2010.0
-76.991016,38.933668,1,-103.0,330.21533378489056,30.0,2010.0
-77.046615,38.896114,1,-1437.5833333333333,1613.6733995074028,-7.0,
-77.022241,38.886266,1,-4850.666666666667,2201.79530168112,38.0,2010.0
-77.026013,38.893028,1,-4884.846153846154,2346.733495860089,254.0,2010.0
-77.05557,38.897293,1,2224.5,7707.464623121319,25.0,2010.0
-76.994716,38.884275,1,-520.6666666666666,940.58533784967,-37.0,
-77.041779,38.905067,1,-1164.1818181818182,917.0568716198162,205.0,2010.0
-77.079382,38.947607,1,-2830.2,2833.0911986732795,2.0,2010.0
-76.98825,38.900427,1,-2136.25,2348.428317513652,-45.0,2010.0
-77.019347,38.897222,1,-2573.2727272727275,2287.4953078577173,-212.0,2010.0
-77.033354,38.899032,1,385.6315789473685,1139.51747305892,73.0,
-77.02227,38.905737,1,-1226.1,1851.1082233204097,106.0,2010.0
-77.043358,38.927872,1,929.5,263.5,-35.0,2010.0
-77.042452,38.903741,1,-1294.111111111111,666.0182147251522,246.0,2020.0
-77.06269,38.90375,1,-2612.25,2038.7018490124208,192.0,2010.0
-77.023054,38.878694,1,-8245.25,6487.568874072424,118.0,2010.0
-76.995916,38.894841,1,2270.0,2364.761341023656,-146.0,2012.0
-77.0682,38.916442,1,433.5,121.5,52.0,2010.0
-77.029822,38.900283,1,-1521.0,985.4612071764536,308.0,2010.0
-77.023086,38.8997,1,-1037.6153846153843,1515.0460665690764,65.0,2010.0
-76.993534,38.932457,1,-461.5,591.5,61.0,2010.0
-77.004615,38.91066,1,-4059.8333333333335,2974.112970468861,64.0,2010.0
-76.998347,38.899972,1,-215.25,309.3303683535037,38.0,2011.0
-77.001949,38.900412,1,-1026.2857142857142,743.7513573988642,123.0,2010.0
-76.982872,38.900413,1,-2588.0,1443.2219510525747,12.0,2010.0
-77.000349,38.889955,1,1886.142857142857,923.9213244723584,-94.0,2010.0
-76.988355,38.890461,1,1015.4285714285714,1344.3651512382885,-115.0,2010.0
-76.9599,38.8692,1,4619.0,,5.0,2011.0
-76.987633,38.894832,1,-388.6666666666667,464.6741988868234,-129.0,2010.0
-77.038252,38.915544,1,-821.0,1050.802613878236,-136.0,2010.0
-77.027959,38.898326,1,-1812.3076923076924,1824.4452876134897,325.0,2011.0
-77.031617,38.894514,1,-1281.5833333333333,1976.6059311214376,235.0,
-77.022191,38.897283,1,-592.375,2849.757884061005,62.0,2011.0
-77.038322,38.902061,1,296.6875,999.271596041962,129.0,2011.0
-77.04478,38.908905,1,-2235.111111111112,1228.3248127751117,80.0,2012.0
-77.016106,38.895344,1,-652.3571428571429,1744.7698881846443,-40.0,2011.0
-77.043074,38.892212,1,-781.25,1431.3654538586572,2.0,2010.0
-77.07166,38.907837,1,,,10.0,2010.0
-77.053485,38.903827,1,-4555.375,3595.056372186176,92.0,2010.0
-77.00493,38.89696,1,-2936.285714285714,1289.0834269482534,-12.0,2010.0
-77.009888,38.897446,1,-3731.909090909091,1186.5378318647413,18.0,2010.0
-77.027313,38.905579,1,-610.1333333333333,1458.3792467330256,177.0,2010.0
-77.070334,38.922581,1,-1453.5,1799.4999999999998,39.0,2010.0
-77.031898,38.898164,1,-56.47058823529412,1204.9976449746546,465.0,2010.0
-77.050537,38.844015,1,7000.0,2000.0,,2011.0
-77.04657,38.88412,1,317.0,,,2012.0
-77.026975,38.897857,1,-2692.833333333333,1959.510934783308,201.0,2011.0
-77.049882,38.896104,1,2113.2,5096.694069688702,-3.0,2013.0
-77.072143,38.897218,1,1000.0,925.8200997725512,,2023.0
-77.072305,38.8946,1,571.4285714285714,1020.2040612204072,,2022.0
-77.076389,38.893438,1,-500.0,1499.9999999999998,,2011.0
-77.0846,38.891696,1,1400.0,,,2011.0
-77.079375,38.892164,1,-300.0,1699.9999999999998,,2020.0
-76.952103,38.86559,1,-1400.3333333333333,514.4033220905342,37.0,2011.0
-77.044334,38.894112,1,-1511.1666666666667,1647.2258489578007,8.0,2023.0
-77.091862,38.889396,1,633.3333333333334,545.6901847914967,,2011.0
-77.04368,38.920669,1,-2599.75,2039.5210375232712,-187.0,2011.0
-77.039802,38.905996,1,-3493.153846153846,1468.511307265312,248.0,2011.0
-77.0325,38.9059,1,-2518.333333333333,1687.4731085452863,207.0,2011.0
-77.0889,38.8904,1,1550.0,150.0,,2020.0
-77.09308,38.8881,1,200.0,793.7253933193772,,2011.0
-77.095257,38.88701,1,2150.0,2029.1623887703024,,2011.0
-77.041539,38.89968,1,-1683.5625,638.3065157688089,81.0,2011.0
-77.017701,38.886372,1,-2433.6666666666665,736.2520137682326,26.0,2012.0
-77.017445,38.88412,1,-2786.428571428572,850.8066720455821,44.0,2011.0
-77.001828,38.881185,1,-20560.666666666668,20070.06643846613,-39.0,2011.0
-77.022155,38.912719,1,-3928.6666666666665,1315.9441036147332,224.0,2011.0
-77.0251,38.9418,1,-2628.6666666666665,2290.761906246721,-13.0,2011.0
-77.012289,38.915417,1,-2124.333333333333,1180.6495857977695,50.0,2011.0
-77.023795,38.928121,1,-911.6666666666666,454.7681949203474,-58.0,2011.0
-77.04062,38.917761,1,-1854.2,815.4172796795515,-293.0,2011.0
-76.93723,38.889935,1,-2332.0,1148.2684064857544,-49.0,2011.0
-77.055599,38.930282,1,4589.0,,-2.0,2011.0
-76.96012,38.896544,1,-13662.0,,9.0,2011.0
-77.056887,38.905126,1,-6904.4,4757.784196451116,168.0,2011.0
-76.983569,38.88732,1,-297.77777777777777,165.21062127695075,-37.0,2011.0
-76.987823,38.844711,1,,,-67.0,2011.0
-77.107735,38.876393,1,1050.0,684.9574196011506,,2012.0
-77.100989,38.850337,1,0.0,,,2012.0
-77.086502,38.896923,1,680.0,1175.7550765359254,,2020.0
-77.02622,38.9024,1,-1183.7777777777778,1062.688118081133,318.0,2013.0
-77.097745,38.885801,1,1700.0,2110.6870919205435,,2012.0
-77.07857,38.893993,1,-500.0,1499.9999999999998,,2021.0
-77.005727,38.878854,1,138.0,,83.0,2023.0
-77.077271,38.922649,1,346.0,,16.0,2012.0
-77.012457,38.928743,1,-188.75,2416.237928923116,-26.0,2012.0
-77.103148,38.882788,1,1866.6666666666667,1484.7371634213391,,2020.0
-77.10783,38.88397,1,640.0,1024.4998779892558,,2020.0
-77.093485,38.884734,1,2333.333333333333,2848.0012484391773,,2012.0
-77.032427,38.888553,1,-1072.428571428571,4787.649283298009,3.0,2012.0
-77.028694,38.888774,1,-1198.111111111111,3714.5184877287934,9.0,2012.0
-77.1207,38.87887,1,333.3333333333333,1666.6666666666667,,2012.0
-77.01994,38.894573,1,-2389.4615384615386,1961.8787947591063,-43.0,2013.0
-77.086063,38.893237,1,2266.6666666666665,866.6666666666667,,2020.0
-77.089006,38.89593,1,680.0,1175.7550765359254,,2022.0
-77.08095,38.89054,1,1400.0,,,2020.0
-77.090792,38.88081,1,718.0,588.5779472593243,,2012.0
-77.111768,38.881044,1,400.0,305.5050463303894,,2020.0
-77.109366,38.882629,1,640.0,1024.4998779892558,,2020.0
-77.037413,38.879819,1,-21157.0,1881.0,,2012.0
-76.985238,38.866611,1,-3701.0,,-48.0,
-77.116817,38.883921,1,1500.0,1499.9999999999998,,2012.0
-77.107854,38.880012,1,300.0,1247.6644848141934,,2012.0
-77.100302,38.884703,1,8000.0,,,2023.0
-76.9941,38.90509,1,454.8,644.3760858380764,-59.0,2012.0
-77.044789,38.903584,1,-1672.9,899.9663135670999,200.0,2012.0
-77.0284,38.903819,1,-1620.6666666666667,1133.1881394883749,298.0,2012.0
-77.046564,38.901539,1,-2203.111111111112,1135.5719122544526,85.0,2012.0
-77.043386,38.901633,1,-2037.923076923077,772.3037088721461,159.0,
-77.040363,38.803124,1,,,,2012.0
-77.043363,38.804718,1,600.0,1600.0,,2012.0
-77.044633,38.810741,1,-1000.0,1000.0,,2021.0
-77.049883,38.805317,1,750.0,581.8075283115543,,2012.0
-77.03353,38.902,1,-666.5217391304348,900.0518076207857,117.0,2012.0
-77.05293,38.805648,1,1125.0,734.137816307901,,2012.0
-77.050276,38.811456,1,-500.0,1499.9999999999998,,2012.0
-77.052808,38.814577,1,1000.0,,,2022.0
-77.060627,38.805763,1,975.0,1477.8221588991462,,2012.0
-77.05152,38.9066,1,-4424.0,3531.1660424069014,42.0,2012.0
-77.026064,38.895914,1,-4956.375,2504.945686162676,288.0,2012.0
-77.048911,38.90088,1,-3252.0,1727.4091044931174,62.0,2012.0
-77.08777,38.884961,1,250.0,250.0,,2012.0
-77.07592,38.887659,1,-2000.0,,,
-77.049437,38.888255,1,-455.875,1773.1217470638371,,2012.0
-77.045128,38.894722,1,-1459.3846153846157,1516.1119535249702,-4.0,2013.0
-77.018677,38.90093,1,-1818.75,1657.1125861286737,-161.0,2013.0
-77.077078,38.943837,1,-868.3333333333334,652.7647185454939,-2.0,2013.0
-77.082426,38.954812,1,-400.3333333333333,1253.7905637616586,-48.0,2013.0
-77.003201,38.905691,1,-768.8888888888889,565.1944464922484,244.0,
-77.080319,38.863833,1,-1000.0,,,2013.0
-77.11255,38.847129,1,10000.0,,,2021.0
-77.069275,38.846222,1,0.0,0.0,,2020.0
-77.041571,38.918809,1,-1587.8333333333333,717.092342573659,-263.0,2013.0
-77.019814,38.956556,1,2655.6666666666665,2784.3166326966325,-121.0,2013.0
-77.027333,38.949662,1,-1285.0,573.9999999999999,-65.0,2013.0
-77.032678,38.942475,1,-2091.0,,-58.0,2013.0
-77.032947,38.956432,1,-4165.333333333333,2047.02681413258,-22.0,2013.0
-77.075104,38.847977,1,0.0,,,2013.0
-77.085931,38.8444,1,-1000.0,,,2023.0
-77.093672,38.860344,1,,,,2023.0
-77.095431,38.84736,1,-1500.0,1499.9999999999998,,2023.0
-77.089555,38.84232,1,-66.66666666666667,470.2245326555295,,2013.0
-77.084918,38.848454,1,0.0,,,2023.0
-77.029417,38.987,1,-1661.5,912.311578720048,49.0,2013.0
-77.063586,38.90849,1,-3342.5,2947.064429224444,204.0,2013.0
-77.06714,38.896553,1,800.0,1319.090595827292,,2019.0
-77.069956,38.955016,1,-5845.5,1634.5,-54.0,2013.0
-77.038542,38.908568,1,-4384.142857142857,2772.6672857649223,124.0,2013.0
-77.0352,38.92333,1,-4643.666666666667,2984.9949376469267,-218.0,2022.0
-76.995193,38.889988,1,2216.4444444444443,1100.2275410001828,-140.0,2013.0
-77.017669,38.912659,1,-2766.5714285714284,1333.2461612660327,5.0,2013.0
-76.983326,38.889908,1,-57.888888888888886,319.3205653521084,-38.0,2013.0
-76.994749,38.897274,1,-930.5,562.4999999999999,-50.0,2013.0
-76.978924,38.927095,1,-1970.5,3.5,4.0,2013.0
-76.983575,38.897195,1,-4313.25,1608.03199465475,-43.0,2013.0
-76.990955,38.928644,1,-1124.5,471.1210920064324,-3.0,2013.0
-76.999376,38.84323,1,-882.5,953.072706215708,-203.0,2013.0
-76.990037,38.863897,1,-3701.0,,-21.0,2013.0
-76.987211,38.903732,1,694.75,572.0277346131625,101.0,2013.0
-77.028139,38.916787,1,-2421.0,949.5273260191844,0.0,2013.0
-77.105022,38.852248,1,0.0,,,2023.0
-77.039511,38.865029,1,,,,2019.0
-77.08596,38.880705,1,1750.0,1249.9999999999998,,2023.0
-77.072315,38.867262,1,-1500.0,1499.9999999999998,,2013.0
-77.001955,38.887378,1,728.2307692307693,683.109989959628,-41.0,2013.0
-77.02324,38.894851,1,-3248.428571428572,2097.542705990438,171.0,2013.0
-77.01597,38.917622,1,-873.5,923.5,6.0,2013.0
-77.004746,38.918155,1,-1546.0,2463.0,4.0,2013.0
-77.013917,38.892275,1,-2183.9,1247.9243606885796,-7.0,2013.0
-77.013769,38.886978,1,-1890.3333333333333,1401.811615573061,17.0,2013.0
-77.026141,38.887332,1,-4423.444444444444,1756.7340365885332,30.0,2013.0
-76.997194,38.927497,1,-631.3333333333334,639.9256033147743,11.0,2013.0
-77.086599,38.862478,1,-1500.0,500.0,,2013.0
-77.11153,38.856319,1,1000.0,,,2020.0
-77.107906,38.871822,1,1500.0,645.4972243679028,,2023.0
-77.023082,38.985404,1,-1888.25,731.2726777110346,43.0,2013.0
-77.097426,38.981103,1,48.5,1088.5,,2013.0
-77.09221,38.983838,1,928.8,534.7714839069114,,2013.0
-77.202501,39.093783,1,,,,2013.0
-77.096539,38.988562,1,1162.3333333333333,1104.410300165256,,2013.0
-77.098029,38.98954,1,2410.0,,,2013.0
-77.145213,39.094772,1,,,,2013.0
-77.006311,38.983627,1,620.0,,,2013.0
-77.029124,38.995256,1,1307.25,1365.716257439053,,2020.0
-77.085998,38.961763,1,-1338.0,1419.0,43.0,2020.0
-77.031887,38.921074,1,-2688.285714285714,1443.3384699284886,-89.0,2013.0
-77.0024,38.87501,1,138.0,,117.0,2013.0
-77.025672,38.920387,1,-1112.428571428571,1306.5599845385127,150.0,2023.0
-76.994468,38.876737,1,-3213.0,4320.414293405977,6.0,2013.0
-77.149162,39.083673,1,,,,2013.0
-77.15741,39.123513,1,,,,2013.0
-77.02935,38.990249,1,-15.75,401.7997791189039,-5.0,2013.0
-77.091991,38.982456,1,928.8,534.7714839069114,,2013.0
-77.044563,39.025387,1,-3470.0,,,2020.0
-77.159048,39.095661,1,,,,2021.0
-77.023854,38.989724,1,-2365.0,1195.0,,2013.0
-77.01121,38.975,1,-512.0,1172.0,138.0,2013.0
-77.006472,38.977933,1,620.0,,,2013.0
-77.100104,38.992375,1,2410.0,,,2013.0
-77.100239,38.990639,1,2410.0,,,2013.0
-77.094589,38.977093,1,-1025.5,445.5,,2013.0
-77.141378,39.076331,1,-750.0,690.0,,2013.0
-77.030371,38.994035,1,1307.25,1365.716257439053,,2020.0
-77.025608,38.997033,1,2384.5,2974.5,,2013.0
-77.171487,39.114688,1,,,,2013.0
-77.182669,39.110314,1,,,,2013.0
-77.050046,38.923583,1,-398.3333333333333,717.6002446425944,-20.0,2013.0
-77.01536,38.907333,1,-3281.5,5371.5,-11.0,2013.0
-76.931862,38.898536,1,-2291.0,758.0,-75.0,2013.0
-76.933099,38.908473,1,-5069.5,4191.499999999999,-86.0,2013.0
-77.03023,38.878433,1,-21157.0,1881.0,42.0,2013.0
-77.089233,38.873755,1,-2033.3333333333333,1983.5434062415789,,2013.0
-77.054277,38.862841,1,-866.6666666666666,1159.7892528865368,,2019.0
-77.109647,38.999634,1,,,,2013.0
-77.088659,38.96115,1,-2757.0,,53.0,2013.0
-77.008911,38.899703,1,-807.4545454545455,1672.3880441595886,76.0,2013.0
-77.093478,38.837846,1,-3500.0,2020.7259421636904,,2020.0
-77.082104,38.873219,1,-3050.0,2949.9999999999995,,2013.0
-77.095596,38.869418,1,-1000.0,,,2013.0
-77.061977,38.941139,1,1358.0,3150.315910084786,34.0,2013.0
-77.023894,38.997445,1,2384.5,2974.5,,2014.0
-77.145803,39.085394,1,,,,2014.0
-77.012108,38.900358,1,-905.5,1881.596409966813,33.0,2014.0
-77.002721,38.952369,1,-2697.5,2339.4999999999995,61.0,2014.0
-77.016855,38.975219,1,-512.0,1172.0,105.0,2014.0
-76.995876,38.920682,1,1007.25,196.9836604898995,168.0,2014.0
-77.076131,38.866471,1,-2000.0,632.4555320336758,,2014.0
-77.088659,38.840654,1,-1550.0,1520.142537176476,,2022.0
-77.166093,39.119765,1,,,,2014.0
-77.103381,38.964992,1,1408.0,,,2014.0
-77.146866,39.084379,1,100.0,,,2014.0
-77.094537,38.984691,1,928.8,534.7714839069114,,2020.0
-77.071301,38.88992,1,-2000.0,,,2020.0
-77.067529,38.903732,1,-1033.6666666666667,2132.513488299143,122.0,2014.0
-77.060866,38.804378,1,1333.3333333333333,2027.5875100994065,,2014.0
-77.09169,38.894941,1,50.0,1034.00515794974,,2022.0
-77.104503,38.869442,1,2000.0,,,2020.0
-77.026235,38.898243,1,-3611.0,1852.4736533520893,51.0,2014.0
-77.080851,38.897612,1,1200.0,200.0,,2022.0
-77.051084,38.901755,1,-2254.7,1899.3594127728668,94.0,2014.0
-77.068952,38.801111,1,,,,2014.0
-77.047494,38.82175,1,3500.0,2499.9999999999995,,2014.0
-77.063562,38.802677,1,-500.0,1499.9999999999998,,2014.0
-77.057619,38.820064,1,,,,2014.0
-77.058541,38.82595,1,-650.0,950.0,,2014.0
-77.053096,38.820932,1,3500.0,2499.9999999999995,,2014.0
-77.059821,38.833077,1,425.0,480.2343178074637,,2014.0
-77.084801,38.890612,1,1400.0,,,2020.0
-77.000035,38.986743,1,-980.0,40.0,,2020.0
-77.05003,38.865553,1,-1300.0,763.3260552782584,,2020.0
-77.075135,38.964544,1,1278.4,2808.385294079144,-7.0,2020.0
-77.034918,38.903649,1,-1695.5,1322.5290833534773,192.0,2014.0
-77.039643,38.898301,1,-967.7333333333332,983.1952548737962,19.0,2014.0
-77.034499,38.997653,1,5.0,75.0,,2020.0
-77.041834,38.912648,1,-2833.285714285714,1616.588437689305,-79.0,2014.0
-77.063275,38.859254,1,233.3333333333333,959.7453365925312,,2020.0
-76.99707,38.907908,1,-1193.3333333333333,882.8798206878317,126.0,2020.0
-77.104562,38.896456,1,3000.0,,,2022.0
-77.078317,38.898984,1,1500.0,500.0,,2020.0
-77.09713,38.895377,1,-900.0,665.8328118479394,,2023.0
-77.043182,38.898412,1,-1550.7692307692307,729.8373471222461,2.0,2015.0
-77.00356,38.914751,1,-1599.0,2409.9999999999995,16.0,2017.0
-77.12712,38.876528,1,,,,2016.0
-77.068121,38.86215,1,2000.0,3605.55127546399,,2015.0
-77.060173,38.902826,1,-2533.5714285714284,2543.530915284263,153.0,2022.0
-77.027115,38.913601,1,-4040.6666666666665,1303.194655878818,35.0,2015.0
-77.089133,38.862398,1,-1500.0,500.0,,
-77.003666,38.89967,1,-1618.0,991.781261886194,-4.0,2015.0
-77.02277,38.90864,1,-4145.2,1726.4992151750314,70.0,2015.0
-77.027855,38.961339,1,-3226.2,1210.2897752191411,24.0,2015.0
-76.974828,38.894474,1,256.3333333333333,425.3588027901987,-4.0,2015.0
-76.992786,38.896226,1,-1493.0,,-165.0,2015.0
-76.983683,38.915604,1,,,41.0,2015.0
-77.08059,38.946182,1,-3547.6,2642.092307244393,20.0,2016.0
-77.076986,38.994113,1,,,,2016.0
-77.118009,38.898301,1,1100.0,1069.2676621563628,,2022.0
-77.044097,38.812718,1,-2000.0,0.0,,2020.0
-77.059817,38.80704,1,975.0,1477.8221588991462,,2016.0
-77.049468,38.813485,1,-500.0,866.0254037844386,,2020.0
-77.097882,38.999378,1,5170.0,,,2016.0
-77.127671,38.884829,1,,,,2016.0
-77.084636,38.958267,1,-1338.0,1419.0,-12.0,2016.0
-77.03625,38.928893,1,-1772.6666666666667,1237.5422327249191,-79.0,2016.0
-77.036278,38.912652,1,1154.0,865.2914730501702,11.0,2016.0
-77.051168,38.999679,1,,,,2016.0
-77.093522,38.979875,1,182.0,829.82307351226,,2016.0
-77.031737,38.903658,1,-1131.1,1043.059330956172,227.0,2016.0
-77.012365,38.908643,1,-4286.833333333333,3043.208464944706,-21.0,2016.0
-77.008133,38.831516,1,-225.0,1174.672862261376,-82.0,2016.0
-77.041544,38.893511,1,-973.75,1455.0290589881704,-1.0,2016.0
-77.048728,38.909394,1,-3224.0,1633.0144212467935,83.0,2016.0
-77.038721,38.995681,1,214.0,430.5453905610108,9.0,2016.0
-77.0447,38.799267,1,,,,2020.0
-77.032375,38.925284,1,-3712.6666666666665,3152.4131144956946,-125.0,2016.0
-77.049265,38.822738,1,6000.0,,,2016.0
-77.027088,38.908431,1,-2309.875,1924.3449946623768,182.0,2016.0
-77.02601,38.884323,1,-6623.6,5287.679496716873,65.0,2016.0
-77.065115,38.947156,1,2503.0,,82.0,2016.0
-77.003135,38.894972,1,320.55555555555554,1635.2898580230622,-30.0,2016.0
-77.086061,38.828471,1,6000.0,,,2016.0
-77.156427,38.885321,1,200.0,374.1657386773941,,2020.0
-77.135271,38.880992,1,3000.0,,,2016.0
-77.061715,38.812711,1,-700.0,378.59388972001824,,2016.0
-77.062821,38.820058,1,-600.0,1000.0,,2020.0
-77.017247,38.890496,1,-973.125,1375.75616139816,-11.0,2016.0
-77.049383,38.890539,1,423.5,1974.0857082035047,1.0,2016.0
-77.038325,38.888097,1,-2691.0,1561.3639870318516,-2.0,2016.0
-77.0487,38.798133,1,,,,2020.0
-77.064016,38.843422,1,66.66666666666667,66.66666666666667,,2016.0
-77.013667,38.902571,1,-737.6,1902.0293209563768,48.0,2023.0
-77.063093,38.841291,1,66.66666666666667,66.66666666666667,,2016.0
-77.053766,38.797557,1,-6000.0,,,2016.0
-77.047783,38.818748,1,-500.0,1499.9999999999998,,2016.0
-77.047844,38.829545,1,,,,2020.0
-77.032224,38.928552,1,-1772.6666666666667,1237.5422327249191,0.0,2016.0
-77.034451,38.901136,1,-763.1052631578947,1022.328362164613,120.0,2016.0
-77.080217,38.949813,1,-3582.5,3526.199665834783,3.0,2016.0
-76.971923,38.91263,1,,,-4.0,2016.0
-76.925907,38.897407,1,-1404.5,926.5,-101.0,2016.0
-76.982359,38.870695,1,-72136.0,,-15.0,2016.0
-77.240654,38.929261,1,-8000.0,8999.999999999998,,2016.0
-77.235955,38.92403,1,-4750.0,4090.130397269342,,2016.0
-77.221179,38.919475,1,2333.333333333333,1855.9214542766745,,
-77.222115,38.920939,1,6000.0,,,
-77.217664,38.924437,1,0.0,,,2016.0
-77.219261,38.931911,1,-366.6666666666667,2198.7370112053977,,2016.0
-77.225394,38.928919,1,-2450.0,950.0,,2016.0
-77.338686,38.970046,1,-800.0,1200.0,,2017.0
-77.361902,38.962524,1,-1000.0,,,2016.0
-77.233165,38.920687,1,0.0,707.1067811865476,,2023.0
-77.356324,38.960574,1,1000.0,577.3502691896258,,2016.0
-77.351649,38.955079,1,,,,
-77.359718,38.957037,1,0.0,,,
-77.005965,38.884916,1,-1288.888888888889,1052.3520012656893,-41.0,2016.0
-77.339391,38.946608,1,2000.0,,,2023.0
-77.358741,38.959633,1,0.0,,,2016.0
-77.357611,38.95534,1,,,,2017.0
-77.048947,38.892441,1,26.33333333333333,2415.944075879609,18.0,2016.0
-76.913563,38.891805,1,-1575.6666666666667,1547.0886996046622,-33.0,2016.0
-77.353414,38.960084,1,875.0,426.95628191498326,,2016.0
-77.368416,38.955314,1,0.0,1527.5252316519468,,2016.0
-77.340281,38.951419,1,0.0,1000.0,,
-77.070862,38.89386,1,1000.0,1095.4451150103323,,2016.0
-77.027976,38.967505,1,,,-9.0,2017.0
-77.227417,38.923083,1,4000.0,2000.0,,2016.0
-77.040691,38.812351,1,-2000.0,,,2020.0
-77.016311,38.990874,1,-560.0,,,2016.0
-77.034449,38.919019,1,-2295.222222222222,1158.950827949546,-18.0,2017.0
-76.990121,38.882489,1,-1735.4,2256.839241062597,-75.0,2016.0
-77.002239,38.957463,1,-5037.0,,135.0,2016.0
-77.112982,38.876695,1,1500.0,500.0,,2016.0
-76.998405,38.902932,1,-454.0,391.9032264333746,96.0,2016.0
-77.107143,39.014716,1,1920.0,,,2017.0
-76.988311,38.98265,1,,,,2017.0
-76.988422,38.988101,1,-2875.25,1186.3737027176555,,2017.0
-77.05102,39.038424,1,2236.6,1198.8142308130978,,2020.0
-77.047788,39.044887,1,806.5,1123.5,,2017.0
-77.048395,39.035965,1,4496.5,1906.5,,2017.0
-77.053085,39.043272,1,468.25,662.8195298621388,,2017.0
-77.04735,39.032029,1,,,,2017.0
-77.340787,38.970412,1,-800.0,1200.0,,2017.0
-77.363094,38.955171,1,2000.0,,,2017.0
-77.016263,38.968935,1,,,-69.0,2017.0
-76.979517,38.93293,1,-3424.0,,-14.0,2017.0
-77.021741,38.88345,1,-6120.666666666667,4309.419030191632,117.0,2017.0
-77.164969,39.121327,1,,,,2017.0
-77.065246,38.905509,1,-3266.0,2730.9032083421293,249.0,2017.0
-77.040787,38.924088,1,458.3333333333333,418.4138036813689,-238.0,2017.0
-77.056873,38.864838,1,-1440.0,1234.7469376354006,,2023.0
-76.993589,38.836646,1,,,-40.0,2020.0
-77.220729,38.931089,1,-750.0,1632.2275168206993,,
-77.367868,38.937146,1,2500.0,3499.9999999999995,,2023.0
-77.041829,38.911268,1,-2833.285714285714,1616.588437689305,64.0,2019.0
-76.891247,39.006191,1,-3040.0,,,2022.0
-76.960696,38.921986,1,1327.0,,-10.0,2023.0
-76.925315,38.883318,1,-9603.666666666666,4270.969653108973,-123.0,2021.0
-77.230632,38.872642,1,-4000.0,,,
-77.353552,38.944013,1,1000.0,,,2022.0
-77.072558,38.802893,1,-5000.0,,,2023.0
-77.104784,38.874248,1,1333.3333333333333,881.917103688197,,2023.0
-77.002257,38.911214,1,-1506.5,876.5424975436159,195.0,2023.0
-76.964896,38.9252,1,-204.0,1243.7164065815005,79.0,2023.0
-76.96075,38.87795,1,-6255.0,,-33.0,2010.0
-77.047846,38.833437,1,,,,
-77.282077,38.866659,1,4000.0,,,
-77.271483,38.86476,1,1666.6666666666667,333.33333333333337,,
-77.271911,38.865091,1,1666.6666666666667,333.33333333333337,,
-77.302732,38.850932,1,-2000.0,577.3502691896258,,
-77.303349,38.846972,1,-1200.0,1157.5836902790224,,
-77.30718,38.841099,1,-1666.6666666666667,1201.850425154663,,
-77.304435,38.849411,1,-600.0,927.3618495495704,,
-77.293922,38.862804,1,6000.0,,,
-77.305336,38.844249,1,-600.0,1077.0329614269008,,
-77.30938,38.837382,1,-1000.0,,,
-77.086263,38.933899,1,2372.0,1984.0,-10.0,
-77.079119,38.9257,1,,,-19.0,
-77.07643,38.941808,1,1418.3333333333333,2449.6928605666285,-1.0,
-77.083704,38.930316,1,-353.5,741.4999999999999,-9.0,
-77.077214,38.931349,1,-985.0,,-15.0,
-77.233583,38.879256,1,,,,
-77.241436,38.930767,1,6000.0,,,
-77.213879,38.916908,1,533.3333333333334,290.5932629027116,,
-77.271538,38.869114,1,2000.0,,,
-77.282083,38.868545,1,1000.0,,,
-77.230377,38.881436,1,,,,
-77.21246,38.918988,1,1000.0,,,
-77.220829,38.927943,1,-1800.0,300.0,,
-77.331794,38.95937,1,1000.0,,,
-77.350396,38.949366,1,,,,
-77.150359,38.766844,1,0.0,,,
-77.168902,38.766946,1,1000.0,,,
-77.160014,38.775639,1,0.0,,,
-77.035866,38.902677,1,-1779.5,1312.6703628782618,178.0,
-77.023885,38.906622,1,-756.3333333333334,1928.621910127079,45.0,
-77.066074,38.912181,1,-1952.0,2635.795104581032,42.0,
-77.058468,38.935842,1,-1151.0,1434.0,151.0,
-77.304157,38.827501,1,,,,
-77.307057,38.8348,1,,,,
-77.308069,38.831211,1,,,,
-77.041362,38.934784,1,2366.0,3413.0,-85.0,
-76.982464,38.893062,1,-936.0,589.4228533065206,-75.0,
-77.007003,38.967492,1,841.0,1313.0,12.0,
-76.978783,38.945068,1,-1957.0,2263.0,29.0,
-76.980378,38.941733,1,,,29.0,
-76.991829,38.948307,1,-2196.0,,-34.0,
-76.957511,38.883843,1,,,-58.0,2013.0
-76.970997,38.868356,1,-238.66666666666663,118.9037893050979,-47.0,
-77.066409,38.975739,1,,,11.0,
-76.980715,38.882458,1,413.4,914.1652804608146,-57.0,
-76.922783,38.889926,1,-1295.0,,-124.0,
-77.156504,38.76843,1,-2000.0,2000.0,,
-77.241518,38.876903,1,1100.0,,,
-77.204762,38.925572,1,100.0,,,
-77.109609,38.856645,1,1000.0,,,
-77.002109,38.907073,1,-888.8571428571429,731.6532950911155,274.0,2023.0
-76.995358,38.884181,1,-110.22222222222224,654.2502659486101,-35.0,
-76.949287,38.935388,1,5.0,485.0,,
-76.868767,38.875772,1,,,,
-76.955047,38.939271,1,620.0,130.0,,2020.0
-77.074893,38.890863,1,-2000.0,,,2021.0
-77.049772,38.832431,1,,,,2022.0
-77.103662,38.927294,1,1856.0,,12.0,2022.0
-77.116339,38.857049,1,1000.0,,,2022.0
-77.042817,38.814031,1,-2000.0,,,2021.0
-77.028247,38.931322,1,-9.0,295.273319711303,-151.0,2019.0
-76.928879,38.978103,1,,,,
-76.939269,38.978008,1,,,,
-77.010815,38.869683,1,11687.0,2941.0,-29.0,2019.0
-77.000698,38.907316,1,-1751.0,651.8095580765903,260.0,2022.0
-76.975723,39.046144,1,,,,2021.0
-77.132334,38.804486,1,1000.0,1471.9601443879744,,2022.0
-77.005741,38.880761,1,,,45.0,2023.0
-76.9595,38.9546,1,-130.0,290.0,,2020.0
-76.844604,38.899811,1,,,,2019.0
-77.353454,38.978503,1,550.0,450.0,,2022.0
-77.032687,38.934405,1,-1271.6666666666667,1131.9223078953391,-262.0,2020.0
-77.008775,38.91256,1,-3887.1666666666665,2986.181657978035,82.0,2020.0
-77.051097,39.047323,1,-317.0,,,2020.0
-77.129235,39.06219,1,2560.0,,,2019.0
-77.025613,38.953663,1,-1091.5,358.3260851980125,-100.0,2023.0
-76.985133,38.924492,1,-4127.166666666667,2093.719296955646,-72.0,2020.0
-77.011987,38.903819,1,-513.8888888888889,2075.832426364344,195.0,2023.0
-77.111066,38.888282,1,480.0,500.39984012787215,,2020.0
-76.985854,38.910993,1,-1169.6666666666667,948.6779104510538,43.0,2021.0
-77.176992,38.887403,1,3200.0,2417.298767908786,,2020.0
-77.166917,38.885621,1,1050.0,370.8099243547831,,2020.0
-76.993509,38.937849,1,267.5,124.5,27.0,2023.0
-77.110588,38.828887,1,9000.0,,,2022.0
-77.173605,38.885434,1,2100.0,1041.519037157701,,2020.0
-77.183178,38.890155,1,3150.0,2849.9999999999995,,2023.0
-77.022684,38.917716,1,-2964.0,1825.1326631495144,177.0,2022.0
-77.205428,38.900371,1,,,,
-77.057274,38.836838,1,466.6666666666667,676.592771006148,,2022.0
-77.331008,38.946735,1,6000.0,,,
-76.937349,38.969581,1,590.0,,,2019.0
-77.1257,39.04873,1,2640.0,,,2019.0
-77.033381,38.896465,1,544.6363636363636,1174.2266102551948,181.0,2020.0
-76.995141,38.902594,1,-92.0,459.902551789895,10.0,
-77.209421,38.877818,1,,,,
-76.913188,38.888524,1,-1217.75,1151.019575202785,-22.0,2020.0
-76.952199,38.975505,1,,,,2020.0
-77.017699,38.881117,1,-13928.0,13657.999999999998,47.0,2023.0
-76.991476,38.885908,1,3591.0,2898.578272187936,-61.0,2019.0
-77.128908,38.809607,1,1000.0,2000.0,,2023.0
-76.946361,38.959361,1,,,,2020.0
-77.004122,39.031314,1,,,,2021.0
-77.0235,38.932128,1,-177.33333333333334,246.80986834223447,-299.0,2020.0
-77.071452,38.896087,1,1000.0,1095.4451150103323,,2022.0
-77.048043,38.800703,1,1650.0,350.0,,2022.0
-77.013814,38.863743,1,,,-9.0,2021.0
-77.039778,38.896604,1,-1532.5,737.6304336138841,-5.0,
-77.2283,38.8828,1,,,,2020.0
-77.018221,38.942025,1,504.6666666666667,1046.350058271344,-13.0,2021.0
-77.207261,38.897692,1,,,,
-77.021595,38.914174,1,-3928.6666666666665,1315.9441036147332,199.0,2020.0
-77.226266,38.910016,1,4500.0,1499.9999999999998,,
-76.945495,39.081638,1,,,,2021.0
-77.217376,38.926973,1,-700.0,700.0000000000001,,
-77.088985,38.827674,1,6000.0,,,2022.0
-77.027118,38.920981,1,-3613.3333333333335,1446.0262714687371,159.0,2023.0
-77.225262,38.868536,1,-4000.0,,,
-76.981155,39.044944,1,,,,2021.0
-77.029779,38.908735,1,-643.0,1774.9597849233762,150.0,
-76.969509,38.8975,1,-13662.0,,-27.0,2021.0
-77.0167,38.7859,1,,,,2020.0
-77.090911,38.916501,1,2026.0,,2.0,
-76.986385,38.884058,1,404.4285714285714,815.7478268477353,-20.0,2010.0
-77.02791,38.95674,1,-927.25,793.4416986563452,-83.0,2018.0
-76.825535,38.88994,1,4937.0,,,2020.0
-77.16212,38.88715,1,528.5714285714286,313.744122095793,,2022.0
-77.109975,38.811361,1,,,,2022.0
-76.96128,38.890461,1,7214.0,,-45.0,2023.0
-77.135788,38.809709,1,3000.0,,,2022.0
-77.050264,38.905303,1,-5472.25,3101.669560494799,43.0,2017.0
-77.023979,38.89428,1,-3429.214285714286,2120.474175093168,221.0,
-76.935246,38.872976,1,,,-8.0,2023.0
-77.361466,38.9523,1,2000.0,,,2023.0
-77.105564,38.818509,1,,,,2022.0
-77.178408,38.87972,1,666.6666666666666,333.3333333333333,,2020.0
-77.038566,38.909858,1,-3813.375,2468.104303896153,156.0,2022.0
-77.127776,38.904252,1,-1250.0,250.0,,2023.0
-76.940133,38.95548,1,-1463.3333333333333,872.8751979012299,,2019.0
-77.128015,38.887914,1,1000.0,,,2023.0
-76.983144,38.835737,1,-1153.0,,-46.0,2020.0
-77.153953,38.878085,1,0.0,577.3502691896258,,2020.0
-77.006072,38.876893,1,4442.0,4304.0,87.0,2019.0
-76.981179,38.873926,1,-3133.0,69002.99999999999,-29.0,2019.0
-77.018135,38.921233,1,-1797.0,,29.0,2023.0
-77.002161,38.876823,1,-60364.0,60502.0,146.0,2023.0
-77.027163,38.936228,1,-1411.5,929.0447154649412,-239.0,
-77.22997,38.870093,1,-4000.0,,,2020.0
-77.00591,38.871841,1,11687.0,2941.0,25.0,2021.0
-77.113454,39.0629,1,,,,2019.0
-77.040293,38.801947,1,,,,2021.0
-77.35428,38.964208,1,1000.0,577.3502691896258,,2017.0
-77.11368,39.049765,1,-275.0,985.0,,2019.0
-77.068626,38.965775,1,51.0,248.0,-18.0,2021.0
-76.878005,39.00031,1,0.0,,,2022.0
-77.0078,38.915,1,-1599.0,2409.9999999999995,72.0,2017.0
-77.171891,38.880612,1,1666.6666666666667,614.6362971528591,,2020.0
-76.987125,39.04104,1,-3761.0,1271.0,,2021.0
-77.208127,38.924002,1,,,,2019.0
-77.082491,38.864694,1,-1000.0,0.0,,
-76.97557,38.84377,1,,,-101.0,2017.0
-77.114563,38.879477,1,1000.0,1000.0,,2023.0
-77.038684,38.942146,1,550.0,5229.0,-18.0,2020.0
-77.23034,38.92245,1,2666.6666666666665,1763.8342073763938,,2019.0
-77.029631,38.916936,1,-1755.571428571429,782.1397651602289,0.0,2021.0
-77.044415,38.918777,1,-2811.75,2126.773980116364,-178.0,
-76.977688,38.857369,1,-5238.0,,-62.0,2020.0
-76.9753,38.840107,1,,,-23.0,2020.0
-76.972851,38.930774,1,-1164.75,917.2709864047812,-28.0,
-76.99602,38.89222,1,1664.857142857143,1684.2230005691815,-131.0,2018.0
-77.008246,38.902444,1,244.44444444444449,1915.7998845210489,214.0,2023.0
-76.999167,38.907287,1,-1757.5,841.4406792321528,171.0,2023.0
-77.199788,38.866361,1,,,,
-77.102019,38.859306,1,,,,2023.0
-77.074323,38.912614,1,555.0,,-16.0,2020.0
-77.098093,38.84404,1,-1000.0,1000.0,,2023.0
-77.01033,38.81909,1,,,-25.0,2017.0
-76.983585,38.86044,1,-284.0,,-143.0,2023.0
-77.034674,38.905424,1,-2482.8571428571427,1845.0240114496464,202.0,2017.0
-76.940547,39.085314,1,,,,2021.0
-77.0009,38.836,1,,,-89.0,2017.0
-77.1887,38.9001,1,1000.0,1000.0,,2020.0
-77.055911,38.806002,1,1750.0,1250.0,,2022.0
-77.07386,38.895068,1,333.3333333333333,760.1169500660922,,2021.0
-77.221807,38.904415,1,2000.0,,,
-77.355299,38.949008,1,1500.0,500.0,,2021.0
-77.046913,38.898302,1,-3290.8,1311.7114079620476,32.0,2021.0
-77.011915,38.870824,1,8430.666666666666,3672.44701951044,-37.0,2023.0
-77.345874,38.93051,1,-200.0,,,2023.0
-76.998413,38.892875,1,1251.4444444444443,1331.0616597195296,-86.0,2019.0
-77.050105,38.817019,1,1000.0,,,2023.0
-77.012808,38.951596,1,1370.0,,-44.0,2019.0
-77.005174,38.853124,1,-8001.5,10389.5,-5.0,
-77.359341,38.966344,1,-350.0,650.0,,2023.0
-76.997226,38.938889,1,41.0,,-7.0,2020.0
-77.07716,38.862862,1,-1000.0,,,
-77.348487,38.9667,1,400.0,,,2022.0
-77.049436,38.793065,1,,,,2021.0
-77.112754,38.882425,1,400.0,305.5050463303894,,2023.0
-77.100796,38.808161,1,1000.0,,,2021.0
-77.167059,39.125828,1,,,,2017.0
-76.994539,39.037981,1,-3635.0,1144.9999999999998,,2021.0
-76.985438,39.045652,1,-5032.0,,,2022.0
-76.979634,38.897808,1,-1749.2,795.9028458298161,-86.0,2020.0
-77.020788,38.874821,1,-541.5,3205.4999999999995,15.0,2023.0
-77.011616,38.897108,1,-2504.9,2106.744615910212,-5.0,2019.0
-77.10933,39.049,1,2395.0,1684.9999999999998,,2019.0
-76.843263,38.908391,1,-960.0,,,2020.0
-77.059496,38.853002,1,-200.0,,,2021.0
-77.001095,38.821563,1,-2508.0,1965.0,-11.0,
-77.012443,38.876211,1,5705.0,3041.0,27.0,2019.0
-77.033234,38.892244,1,-1825.4,1966.0617555577107,-3.0,2017.0
-77.000736,38.876751,1,-39954.0,40456.54584036227,95.0,2019.0
-77.019125,38.937135,1,-1499.25,870.3023780081649,-23.0,2023.0
-77.017585,38.872964,1,2291.0,373.0,-36.0,
-77.366499,38.941496,1,6000.0,,,
-77.107734,38.841548,1,500.0,1499.9999999999998,,2021.0
-77.351837,38.973625,1,200.0,173.20508075688775,,2022.0
-77.152849,38.873808,1,4000.0,2081.665999466133,,2023.0
-76.986813,38.907444,1,-1169.6666666666667,948.6779104510538,40.0,2019.0
-77.021392,38.902674,1,-1398.642857142857,1384.2636341642808,-43.0,2019.0
-77.023924,38.898097,1,-3902.777777777778,2289.465523373534,82.0,
-77.04564,38.912644,1,-2824.5,1232.9932796969242,35.0,2017.0
-77.00077,39.00048,1,-1334.0,1444.1292647589876,,2019.0
-77.020945,38.876747,1,-451.0,1852.9077149172865,81.0,2023.0
-77.10994,38.812187,1,,,,2022.0
-76.98185,38.84627,1,,,-92.0,2017.0
-76.99267,38.922489,1,-252.0,880.2404027688497,116.0,2023.0
-77.230766,38.878572,1,3000.0,,,2020.0
-77.03188,38.910674,1,1025.6666666666667,4241.499787156006,181.0,2021.0
-77.226644,38.92755,1,-2450.0,950.0,,2019.0
-77.116206,38.83863,1,-2000.0,,,2022.0
-77.084262,38.886256,1,700.0,700.0,,2021.0
-76.941867,39.077875,1,,,,2021.0
-77.087128,38.936298,1,2697.0,1659.0,-22.0,2020.0
-76.995227,38.974205,1,-183.3333333333333,92.07484877955424,,2020.0
-77.03665,38.926102,1,-1714.6666666666667,1285.6910377086886,-113.0,2010.0
-77.065803,38.884533,1,-1000.0,,,
-77.038627,38.906767,1,-3664.0,1582.0550023001829,216.0,
-77.115438,39.051022,1,-275.0,985.0,,
-77.093879,38.820152,1,-1000.0,1000.0,,2022.0
-77.028061,38.901104,1,-1634.3684210526317,1072.9317850013742,191.0,
-77.215624,38.928502,1,-700.0,700.0000000000001,,2020.0
-77.005649,38.902386,1,-1834.875,1063.0079867577265,244.0,2021.0
-77.082463,38.802738,1,-8000.0,,,2021.0
-77.085066,38.824793,1,,,,2022.0
-77.354067,38.938797,1,-1000.0,,,2022.0
-76.9493,38.9698,1,-886.6666666666666,1280.954505220402,,2020.0
-77.053052,38.89846,1,-1150.0,4552.802156495543,44.0,2017.0
-76.967845,38.895955,1,-13662.0,,-39.0,2020.0
-77.341823,38.983199,1,,,,2022.0
-77.053734,38.813474,1,-600.0,,,2023.0
-77.222808,38.878601,1,-250.0,1701.7148213885114,,2023.0
-77.027171,38.918199,1,-1504.888888888889,1241.1710917566304,0.0,2023.0
-76.926596,38.879575,1,-13758.0,1716.9999999999998,-56.0,2023.0
-77.02155,38.947962,1,-904.0,806.0,-122.0,2019.0
-77.075277,38.939674,1,2605.5,3537.4999999999995,-9.0,2023.0
-76.991824,39.039102,1,-3635.0,1144.9999999999998,,2021.0
-77.005497,38.824481,1,1067.0,1021.0,-75.0,2017.0
-76.955687,38.921641,1,32183.0,,88.0,2023.0
-77.349764,38.963782,1,1166.6666666666667,440.9585518440985,,2023.0
-77.00103,38.798749,1,-6293.666666666667,5469.354633876936,,2019.0
-77.027127,38.925196,1,-3997.6666666666665,2972.5398978726,-29.0,2017.0
-76.968084,38.955349,1,-250.0,400.0,,2020.0
-77.110014,38.815842,1,,,,2022.0
-77.142317,38.886048,1,364.0,282.65880492211807,,2017.0
-77.05006,39.04313,1,224.3333333333333,871.5897990326515,,2020.0
-76.916243,39.002459,1,,,,2022.0
-76.983221,38.906299,1,-3078.833333333333,2268.170605233311,118.0,2019.0
-77.013821,38.958098,1,4130.0,4091.0,-96.0,2021.0
-76.97093,38.878771,1,,,-10.0,2023.0
-77.048852,38.898925,1,-3799.714285714286,1892.645901959498,57.0,2017.0
-76.954171,38.968842,1,-3400.0,,,2020.0
-77.082089,38.892556,1,1400.0,0.0,,2017.0
-77.362304,38.94335,1,,,,2023.0
-77.010551,38.866277,1,14628.0,,-16.0,2021.0
-77.016059,38.782633,1,,,,2019.0
-76.97703,38.84623,1,,,-121.0,2017.0
-77.00223,38.82373,1,-2508.0,1965.0,-51.0,2017.0
-77.085646,38.909701,1,602.5,628.5,-10.0,2021.0
-76.935578,38.962119,1,,,,2020.0
-76.940981,38.876227,1,,,-17.0,2020.0
-77.16486,39.12333,1,,,,2017.0
-77.129943,38.800077,1,-7500.0,11499.999999999998,,2023.0
-77.095513,38.916561,1,808.5,1217.4999999999998,4.0,2019.0
-77.051956,38.845028,1,7000.0,2000.0,,2022.0
-77.106111,38.837306,1,4000.0,2000.0,,2022.0
-77.120776,39.062041,1,-50.0,,,2019.0
-77.106913,38.935839,1,4539.0,,-9.0,2023.0
-76.990157,38.943596,1,-2196.0,,-54.0,
-77.359717,38.953691,1,,,,2023.0
-77.044676,38.804801,1,1125.0,734.137816307901,,2022.0
-77.032956,38.931991,1,-333.6666666666667,619.7968305107014,-31.0,2019.0
-76.977187,38.885483,1,93.375,400.2344374372529,-6.0,2021.0
-77.329282,38.966848,1,-500.0,500.0,,2022.0
-76.984512,38.855004,1,-3963.6666666666665,1868.5779203566665,-153.0,2019.0
-76.954803,38.965742,1,-926.6666666666666,1268.6125404463642,,2020.0
-77.002098,38.924144,1,626.0,,15.0,2020.0
-77.033509,38.969489,1,,,-44.0,2023.0
-77.11287,39.04753,1,4080.0,,,2023.0
-77.179832,38.88837,1,8000.0,,,2020.0
-76.950009,38.883132,1,-1897.5,652.4999999999999,-53.0,2020.0
-77.051833,38.923389,1,-398.3333333333333,717.6002446425944,-23.0,2019.0
-77.195847,38.876912,1,500.0,,,
-77.272999,38.873261,1,,,,
-76.9807,38.9725,1,-4763.333333333333,929.2529855271443,,2020.0
-77.118106,38.854019,1,0.0,1000.0,,2022.0
-77.025236,38.88044,1,-10903.666666666666,8369.154165412683,104.0,2017.0
-77.173438,38.883601,1,2412.5,913.2824434032284,,2020.0
-77.1135,39.04317,1,2165.0,1915.0,,2019.0
-77.331653,38.933923,1,-1000.0,,,2023.0
-77.026747,38.976061,1,-1707.3333333333333,1527.9546604675302,11.0,
-76.994897,38.899942,1,126.5,578.3327041303013,-52.0,2021.0
-76.995922,38.961737,1,-2080.0,,-9.0,2020.0
-77.0026,38.7968,1,-6293.666666666667,5469.354633876936,,2020.0
-77.270731,38.877415,1,,,,
-77.11893,38.814305,1,5000.0,,,2022.0
-76.992725,38.899984,1,175.5,568.33327956989,-38.0,2022.0
-77.060899,38.83728,1,1000.0,800.0,,2023.0
-76.98318088182015,38.85998960774568,0,-284.0,,-130.0,
-76.95443808843366,38.923207697986925,0,,,90.0,
-77.01143648824558,38.92238857936974,0,421.3333333333333,2266.5027636819195,-7.0,
-76.95443808843366,38.923207697986925,0,,,90.0,
-77.02614224960416,38.97407261067991,0,-1707.3333333333333,1527.9546604675302,-22.0,
-77.02846719503322,38.982796009926375,0,-2464.6666666666665,662.6040379526156,73.0,
-77.00473667522331,38.85472857407724,0,-8001.5,10389.5,,
-77.0567834254866,38.91189990739839,0,-5203.0,1848.0,-30.0,
-77.07935546748277,38.937447518336825,0,6143.0,,-13.0,
-77.01288778419753,38.825897455641766,0,-589.5,635.5,-78.0,
-77.08289568613856,38.93013207714657,0,-564.0,477.0579978716773,-14.0,
-77.00687348361504,38.9455725687706,0,-1026.5,1336.386701769614,-8.0,
-76.96965490692368,38.86635549615703,0,,,-43.0,
-77.03885648963869,38.8918097372739,0,-1798.0,1063.6478740635923,2.0,
-77.03484114975862,38.91537397692628,0,-715.0,565.6981527281135,9.0,
-77.04967962966622,38.89043210763786,0,423.5,1974.0857082035047,2.0,
-77.02235871868189,38.92085107976983,0,-1482.2,2210.663551968051,89.0,
-77.02409131764058,38.90410881023055,0,-1276.142857142857,1343.109467759864,240.0,
-76.99972715613144,38.82905048681992,0,-1661.5,1942.5,-166.0,
-76.99515828359046,38.82909147509111,0,-1882.0,1142.973752979481,-115.0,
-77.00369396376982,38.8473188187893,0,-1704.0,,-89.0,
-77.00702289902893,38.84023169899214,0,1512.0,6463.515245849841,-20.0,
-77.00850986855903,38.837233648917255,0,13028.0,,-46.0,
-76.98554550254887,38.84041165172052,0,,,-27.0,
-76.98938931751138,38.85829098242832,0,-284.0,,-174.0,
-76.97220379080483,38.86110299203275,0,-1048.0,,-112.0,
-76.97930149871738,38.88282039997382,0,413.4,914.1652804608146,-27.0,
-76.96507293672082,38.87479822397826,0,-4812.0,2293.9999999999995,-97.0,
-76.9660979271006,38.870052140349024,0,-3345.333333333333,1976.1721697373548,-63.0,
-76.94512552934304,38.86787205211053,0,-2407.5,12.5,53.0,
-76.95695582350098,38.8914841343809,0,-9736.5,9628.5,-76.0,
-76.95830166233921,38.88471542863744,0,,,-59.0,
-76.95085852475887,38.88833548414969,0,66.5,174.5,-132.0,
-76.94110327267738,38.88413597718505,0,,,-66.0,
-76.93889813882015,38.89528971114393,0,-1779.5,1743.4999999999998,-48.0,
-76.93208479710043,38.87593176369944,0,,,-6.0,
-76.92951199728242,38.887657167352046,0,-1676.3333333333333,926.2759368088492,-99.0,
-76.94280498555736,38.89157340428504,0,-1106.0,1211.1425734955126,-50.0,
-76.91907219925557,38.89670776830874,0,-2271.0,624.9999999999999,-59.0,
-76.93507997768717,38.90165163688329,0,-1530.25,537.2887763267223,-52.0,
-76.9265684652877,38.90314820979333,0,-887.5,225.88142169436304,58.0,
-76.97140825335353,38.89973553145616,0,190.0,,-113.0,
-76.97470014043236,38.9059572584324,0,-6760.666666666667,3745.019195915794,-55.0,
-76.960778478301,38.927881672365466,0,-731.0,2057.9999999999995,9.0,
-76.96187994974835,38.92225697053426,0,1884.5,557.5,34.0,
-76.97712932977156,38.94055431028562,0,,,3.0,
-76.97171431269084,38.93554778219845,0,-447.3333333333333,1210.825659530627,-15.0,
-76.96927751130536,38.92511935327723,0,-288.3333333333333,1367.6435126807637,83.0,
-76.97599165407044,38.92047309381128,0,-954.0,,-11.0,
-76.99017400695269,38.95438039104384,0,-293.5,233.5,4.0,
-76.98811460418725,38.9484810605845,0,-1361.5,834.5,-32.0,
-76.99658450346982,38.94591936111652,0,,,0.0,
-76.9961263669071,38.95193766353394,0,-358.0,,25.0,
-76.99551545279624,38.95908810731963,0,-2080.0,,13.0,
-77.00139185517244,38.96409350477926,0,2154.0,,9.0,
-77.03531453407237,38.963115718088055,0,-4921.333333333333,997.1128878472643,-81.0,
-77.02168748551281,38.965235574388565,0,,,-70.0,
-77.06712505492308,38.96997575162196,0,,,2.0,
-77.0594091926558,38.961816493656926,0,-10235.0,,-41.0,
-77.06719581896559,38.96407658943461,0,-633.0,698.8256816498184,-26.0,
-77.07329653242331,38.95924636451152,0,-5845.5,1634.5,-37.0,
-77.06786982646723,38.950549904172384,0,2503.0,,-7.0,
-77.09131593803296,38.95425218669679,0,,,-49.0,
-77.08883759869889,38.949534783838,0,-574.0,,-53.0,
-77.09313496272594,38.94474061646689,0,-3155.0,1317.0,-24.0,
-77.09487947972212,38.93693326244524,0,,,-6.0,
-77.05506121497197,38.94488392642624,0,,,0.0,
-77.05429326508106,38.93838926000347,0,-2585.0,,27.0,
-77.04162736259369,38.93636848546213,0,2366.0,3413.0,-110.0,
-77.06680455699457,38.93748896756246,0,,,-22.0,
-77.02771532180324,38.94537030707004,0,-3070.333333333333,2149.414287143774,-59.0,
-77.02139981274783,38.95273662264878,0,-700.3333333333334,507.9620502010406,-135.0,
-77.02186003425298,38.96045903867464,0,8221.0,,-109.0,
-77.02148670615753,38.93722006357331,0,-1499.25,870.3023780081649,-106.0,
-77.00812201582775,38.95223776558413,0,-6457.5,1420.4999999999998,-25.0,
-76.9847785413538,38.92005984077586,0,-4572.0,3421.2954905025863,26.0,
-77.00216939625031,38.93350376219621,0,-4364.0,,18.0,
-76.99191739691608,38.92342129297548,0,-623.2,776.3268255058562,121.0,
-76.9855081415674,38.93300234818707,0,-473.5,603.4999999999999,39.0,
-77.018555260521,38.93021307927563,0,-1223.5,472.6093347928428,-83.0,
-77.01864508192673,38.92363459981058,0,-1118.5,701.5,12.0,
-77.01834591868655,38.9467545777989,0,435.0,2145.0,-57.0,
-77.04855267541689,38.93351753058157,0,666.0,,-12.0,
-77.05541278489109,38.926006451334,0,1428.0,3160.9999999999995,-18.0,
-77.07934369018376,38.90704377093444,0,-333.0,,2.0,
-77.0665366881232,38.91205713780691,0,-1952.0,2635.795104581032,46.0,
-77.0822544850759,38.91824424975656,0,,,8.0,
-77.08088875484016,38.924561491395664,0,,,-8.0,
-77.0798288572702,38.93171272653299,0,-298.5,686.5,-15.0,
-77.07175605878331,38.94518472077239,0,,,-4.0,
-77.08273963026015,38.94195974408825,0,-944.0,1123.0,-9.0,
-77.09785708949227,38.94967058720448,0,-2181.333333333333,2301.1746517328447,-30.0,
-77.09123122686017,38.92383882307541,0,437.0,,0.0,
-77.06511976430708,38.93053009726883,0,-1101.5,984.5,-1.0,
-77.07371274580103,38.91894116801525,0,346.0,,38.0,
-77.05923615721964,38.93727257224885,0,-1927.6666666666667,1135.1929840829318,148.0,
-77.06551095773672,38.95776726201471,0,-3106.0,1104.9999999999998,-29.0,
-77.08154334893011,38.96335837396007,0,-335.0,416.0,-32.0,
-77.03558004303551,38.98740686473853,0,-1512.0,1594.0465279700384,-7.0,
-77.02183533395967,38.97947326592,0,-456.0,196.0,29.0,
-77.02229054073163,38.9704636284513,0,-241.0,744.0,-32.0,
-77.0349328472403,38.97539433939434,0,-618.0,,4.0,
-76.98189447440274,38.89362987057661,0,-1013.2,565.2671403858533,-55.0,
-76.95025130687095,38.862249221280464,0,-968.5,564.6108541877908,38.0,
-77.01365990999679,38.9027312078828,0,-69.33333333333333,1990.9593165105107,49.0,
-77.04073735690187,38.88792327014308,0,-1825.6666666666667,1283.0944799368613,1.0,
-77.03113138404188,38.88840292962038,0,-1072.428571428571,4787.649283298009,14.0,
-77.03233195425744,38.89971477156077,0,360.8333333333333,1204.3992217259683,327.0,
-77.0176160679727,38.890508013419606,0,-689.2857142857143,1559.7062537914533,-6.0,
-77.01922962024246,38.90280669634614,0,-1816.5833333333333,1646.589300683769,-110.0,
-77.04957497882768,38.88782928035055,0,-455.875,1773.1217470638371,,
-77.03787949357617,38.91588283953067,0,-887.0,890.5393764187977,-139.0,
-77.03992711802047,38.91142023098818,0,-2471.5,2406.948777325073,-44.0,
-77.03173032487639,38.91857326625467,0,-1739.3333333333333,871.5448990792794,96.0,
-77.03180035779468,38.911422725606826,0,391.25,3065.5578169668674,172.0,
-77.03312160926883,38.92530866275439,0,-3786.75,2230.3234210535475,-161.0,
-77.02609495694959,38.92589678443927,0,-1047.5,630.5,-46.0,
-77.02250341854052,38.91537197534503,0,-4416.0,1238.9406337429546,107.0,
-77.01357026459547,38.9125131457116,0,-5230.5,4493.370848631719,41.0,
-77.0227210143536,38.90890785888705,0,-4778.666666666667,1293.1550220724162,84.0,
-77.02740536204684,38.90581782423412,0,-800.2857142857143,1553.1774253444728,185.0,
-76.9957379727647,38.88394505332349,0,-110.22222222222224,654.2502659486101,-72.0,
-77.03304858830101,38.932340011404506,0,264.0,,0.0,
-77.02914115186871,38.86883472063127,0,,,,
-77.03329414494527,38.8831347537882,0,-6014.5,10754.296804068596,1.0,
-77.00813766792658,38.89086181804828,0,968.0,1468.5355071343306,-6.0,
-77.05534873257398,38.89292264780436,0,3446.8,4329.150833593119,0.0,
-76.96814360219919,38.9186495024746,0,993.0,,27.0,
-77.05360754116788,38.97036336718517,0,793.0,,-1.0,
-76.97134166228268,38.88527085428317,0,-7228.5,6619.5,-9.0,
-76.94618687114303,38.921300682253616,0,-3783.0,,-3.0,
-77.06002542975811,38.96857335407594,0,-602.0,,4.0,
-77.05954283926393,38.9756287045263,0,,,16.0,
-76.98162974562044,38.94456175804285,0,306.0,,23.0,
-76.98211983546895,38.937506688239495,0,-3424.0,,2.0,
-76.92137011401461,38.90106163569856,0,-1901.6666666666667,730.2799311070912,89.0,
-77.02041541788313,38.81947424708882,0,,,1.0,
-76.95701875886027,38.86294384831433,0,-1261.6666666666667,137.2702120312747,13.0,
-76.99579289166681,38.913291596631296,0,,,71.0,
-76.9769999290573,38.915958936310105,0,-954.0,,-40.0,
-76.95845041053366,38.91728857640328,0,32183.0,,-32.0,
-77.07172086431797,38.94053692711559,0,2605.5,3537.4999999999995,-6.0,
-77.09026488755052,38.93175280238344,0,-1681.5,3185.5,2.0,
-77.10905717569656,38.928685895190725,0,2454.6666666666665,2612.968767088076,1.0,
-77.0377892484878,38.94951475932779,0,-1829.0,,-39.0,
-77.03634022275565,38.980977208196194,0,-944.5,326.49999999999994,-5.0,
-77.04196473105253,38.991081255267375,0,-4623.0,,21.0,
-77.07321629047274,38.9702819471932,0,5495.0,6404.999999999999,-19.0,
-76.964300191315,38.932926289237486,0,-108.5,1600.5,2.0,
-77.05925196289968,38.919569107105474,0,-11709.0,,-2.0,
-76.93774517069264,38.87094381741424,0,-2395.0,,11.0,
-77.09734035684005,38.92888692193818,0,1018.5,485.5,15.0,
-77.0919525556072,38.91535297702744,0,808.5,1217.4999999999998,4.0,
-77.06589395170428,38.97581597837671,0,,,11.0,
-77.05248117299764,38.90635064425104,0,-5924.5,4018.5367216604272,40.0,
-77.04650342422454,38.9052834020894,0,-2364.6,1020.5326953225076,215.0,
-77.04636844490159,38.90899088517109,0,-2874.5,1189.2178251751382,119.0,
-77.03442570382845,38.90508196026565,0,-2408.4444444444443,1428.4945460585768,137.0,
-77.06431852412692,38.904801182053845,0,-2612.25,2038.7018490124208,230.0,
-77.02495349229663,38.894072399680006,0,-4414.133333333333,2158.8938103678106,260.0,
-77.02559515999664,38.8975001155964,0,-3798.0,2080.1112523666184,79.0,
-77.03914182201808,38.90608415881219,0,-2782.214285714286,1542.7959853823104,260.0,
-77.02147284635883,38.886225878338514,0,-5166.363636363636,2387.0244172599164,39.0,
-77.00515735246037,38.87749809162088,0,138.0,,142.0,
-77.01803637956327,38.87693883062428,0,-451.0,1852.9077149172865,20.0,
-77.03923826263993,38.87906925965172,0,-23038.0,,,
-77.02020672698731,38.89601790009991,0,-2156.4615384615386,1912.75433909734,-146.0,
-77.04467654374312,38.914469225719785,0,-1377.0,1882.1052042858817,-81.0,
-77.05974421337092,38.90347642974135,0,-1163.3333333333333,2535.5070323529203,166.0,
-76.98872383626207,38.89986950834398,0,-3535.0,2667.81333679851,-80.0,
-77.00060554252333,38.89874293522006,0,-1026.2857142857142,743.7513573988642,115.0,
-77.04004594954068,38.92946932653494,0,-1490.75,965.955172786674,-103.0,
-77.04206867891577,38.90356615367855,0,-1294.111111111111,666.0182147251522,212.0,
-77.03782233979003,38.9028239494357,0,-904.7222222222222,1332.129137112768,186.0,
-77.04642794548674,38.901793969794994,0,-2203.111111111112,1135.5719122544526,89.0,
-77.05057567473747,38.9034340657434,0,-2945.0,1683.3279113538326,85.0,
-77.01115026341199,38.896889819271806,0,-4229.222222222223,1353.2764640943126,2.0,
-77.05476907123196,38.9025383582414,0,-2807.125,2478.150429521841,37.0,
-77.0252837773884,38.90075052193646,0,-1593.470588235294,1187.8458818804506,31.0,
-77.01191533151834,38.957595788840536,0,-3032.6666666666665,2451.471825477729,-58.0,
-76.92224912516869,38.88292228196691,0,-10279.0,3617.4766527696256,-67.0,
-76.98875345337481,38.83107749283156,0,-1973.5,820.4999999999999,-22.0,
-76.96854595231358,38.846847724229406,0,,,-70.0,
-77.03850663585195,38.89700752105692,0,-1106.5,854.9521916458253,4.0,
