,station,change_AADT_mean,change_AADT_sem,long,lat
0,83fa4699-b2ee-4f14-af3b-167f34a62fb4,2000.0,,-77.221807,38.904415
1,e07eed7c-2d2a-4f13-aff7-2be6500958f7,808.5,1217.4999999999998,-77.095513,38.916561
2,08249ef2-1f3f-11e7-bf6b-3863bb334450,-1164.1818181818182,917.0568716198162,-77.041779,38.905067
3,082544b7-1f3f-11e7-bf6b-3863bb334450,-868.3333333333334,652.7647185454939,-77.077078,38.943837
4,082524a2-1f3f-11e7-bf6b-3863bb334450,2266.6666666666665,866.6666666666667,-77.086063,38.893237
5,08253b2b-1f3f-11e7-bf6b-3863bb334450,-666.5217391304348,900.0518076207857,-77.03353,38.902
6,082493a5-1f3f-11e7-bf6b-3863bb334450,-2510.3636363636365,1997.213482797412,-77.015289,38.899408
7,082477f4-1f3f-11e7-bf6b-3863bb334450,-2209.6666666666665,912.3905109351174,-77.0388,38.9319
8,9973e0f4-23dd-4b50-9ef4-8408fa8a1105,-2508.0,1964.9999999999998,-77.001095,38.821563
9,0825fa8b-1f3f-11e7-bf6b-3863bb334450,1400.0,,-77.084801,38.890612
10,082486f0-1f3f-11e7-bf6b-3863bb334450,138.0,,-77.004169,38.876219
11,0824799f-1f3f-11e7-bf6b-3863bb334450,588.2,2374.6320851870923,-77.032008,38.913046
12,bcb21167-85ed-4374-8807-d9409aaa01a5,-886.6666666666666,1280.9545052204019,-76.9493,38.9698
13,0826005e-1f3f-11e7-bf6b-3863bb334450,-1599.0,2409.9999999999995,-77.00356,38.914751
14,a41e5bd2-b599-4c47-a36f-31ffa2e2dd0b,-451.0,1852.9077149172865,-77.020945,38.876747
15,0824844b-1f3f-11e7-bf6b-3863bb334450,-911.6666666666666,454.7681949203474,-77.022327,38.924785
16,0824cdb0-1f3f-11e7-bf6b-3863bb334450,,,-77.07166,38.907837
17,08261ee4-1f3f-11e7-bf6b-3863bb334450,6000.0,,-77.086061,38.828471
18,0824bb59-1f3f-11e7-bf6b-3863bb334450,-461.5,591.5,-76.993534,38.932457
19,08249b7f-1f3f-11e7-bf6b-3863bb334450,1678.142857142857,3906.1777348961778,-77.028242,38.886277
20,08256e7b-1f3f-11e7-bf6b-3863bb334450,-4423.444444444444,1756.7340365885332,-77.026141,38.887332
21,0825756e-1f3f-11e7-bf6b-3863bb334450,928.8,534.7714839069114,-77.09221,38.983838
22,2260574d-dbc6-4416-9f8c-3e1fcc0d9f5b,1000.0,1471.9601443879744,-77.132334,38.804486
23,0825aa94-1f3f-11e7-bf6b-3863bb334450,,,-77.159048,39.095661
24,1877753940179542324,2372.0,1983.9999999999998,-77.086263,38.933899
25,732103a1-eedd-4044-afa6-67b2d192ff22,-1755.5714285714287,782.1397651602289,-77.029631,38.916936
26,082636d5-1f3f-11e7-bf6b-3863bb334450,-366.6666666666667,2198.7370112053977,-77.219261,38.931911
27,0826518d-1f3f-11e7-bf6b-3863bb334450,806.5,1123.5,-77.047788,39.044887
28,1893303738183408178,,,-77.230377,38.881436
29,5f0f9566-90d4-431e-9b6d-994e26d20ec6,-1153.0,,-76.983144,38.835737
30,1931715167823202508,2366.0,3413.0,-77.041362,38.934784
31,082652d2-1f3f-11e7-bf6b-3863bb334450,,,-77.04735,39.032029
32,0824927c-1f3f-11e7-bf6b-3863bb334450,-1042.75,954.5425933398676,-77.005483,38.905697
33,9c6fb0a8-d371-433f-b52e-ca47881156b3,2291.0,373.0,-77.017585,38.872964
34,0825b27e-1f3f-11e7-bf6b-3863bb334450,2410.0,,-77.100239,38.990639
35,e2a96f4c-801e-4cf8-be0f-f767a5d8ca1b,7000.0,2000.0,-77.051956,38.845028
36,a8ffa826-a14d-4bb0-ab33-de6b8c34d190,-2000.0,,-77.116206,38.83863
37,08252260-1f3f-11e7-bf6b-3863bb334450,-1072.4285714285713,4787.649283298009,-77.032427,38.888553
38,0824a5b0-1f3f-11e7-bf6b-3863bb334450,-1294.111111111111,666.0182147251522,-77.042452,38.903741
39,66c82803-70e3-496f-9942-30e0936de3f5,11687.0,2941.0,-77.00591,38.871841
40,f8b331c6-d208-4b17-b788-1a17d2520c40,-1707.3333333333333,1527.9546604675302,-77.026747,38.976061
41,2574f980-163e-4b9b-8107-6145615815b3,,,-77.005741,38.880761
42,a0d0ec92-ebda-436a-b476-7ee9a7bdb67d,-1398.642857142857,1384.2636341642808,-77.021392,38.902674
43,1875305027705686898,6000.0,,-77.293922,38.862804
44,07a453e5-2e14-4276-85df-49e0d6144e54,-1140.5,2150.5,-76.947287,38.900468
45,29b65d73-fc99-42e3-9007-2175402a5c56,,,-76.844604,38.899811
46,5b745524-d0d3-4197-8c69-0ad4e5761883,-5472.25,3101.669560494799,-77.050264,38.905303
47,4b55ad18-eb2e-47b5-aaeb-aefd6ad856fd,,,-77.207261,38.897692
48,08265262-1f3f-11e7-bf6b-3863bb334450,468.25,662.8195298621388,-77.053085,39.043272
49,347b72fa-4ae2-4017-a9bf-344a122cddeb,9000.0,,-77.110588,38.828887
50,0825b8f0-1f3f-11e7-bf6b-3863bb334450,-398.3333333333333,717.6002446425944,-77.050046,38.923583
51,0824791a-1f3f-11e7-bf6b-3863bb334450,-1851.0,3765.0027003089035,-77.034427,38.909801
52,a016ea6f-0d7f-45fb-b8ac-0cfe22cd972a,4000.0,2081.665999466133,-77.152849,38.873808
53,08263f4a-1f3f-11e7-bf6b-3863bb334450,0.0,1527.5252316519468,-77.368416,38.955314
54,ae007456-14ad-4619-a92e-e3a40f93a412,-1714.6666666666667,1285.6910377086886,-77.03665,38.926102
55,08251532-1f3f-11e7-bf6b-3863bb334450,-2628.6666666666665,2290.7619062467215,-77.0251,38.9418
56,0824e2e3-1f3f-11e7-bf6b-3863bb334450,7000.0,2000.0,-77.050537,38.844015
57,1941813138517442794,413.4,914.1652804608146,-76.980715,38.882458
58,082614e4-1f3f-11e7-bf6b-3863bb334450,1100.0,1069.2676621563628,-77.118009,38.898301
59,082484cf-1f3f-11e7-bf6b-3863bb334450,8746.0,,-77.005754,38.875023
60,e84a9c46-89ce-45dc-866f-fe8cbc50e88e,1125.0,734.137816307901,-77.044676,38.804801
61,d8f65b11-57ec-4a9f-9b52-f5696e129f02,,,-76.935578,38.962119
62,0824c1a1-1f3f-11e7-bf6b-3863bb334450,1886.142857142857,923.9213244723583,-77.000349,38.889955
63,27d919c7-7fda-41d1-9c05-2f537d5c4ce2,-130.0,290.0,-76.9595,38.9546
64,08254037-1f3f-11e7-bf6b-3863bb334450,-3252.0,1727.4091044931174,-77.048911,38.90088
65,0825738d-1f3f-11e7-bf6b-3863bb334450,48.5,1088.5,-77.097426,38.981103
66,1950995089993550758,-1295.0,,-76.922783,38.889926
67,de5bd592-0f48-4c6a-b7fc-8ff687c6e1a5,,,-77.16486,39.12333
68,08252414-1f3f-11e7-bf6b-3863bb334450,-2389.4615384615386,1961.8787947591065,-77.01994,38.894573
69,2a76806e-32b4-4ec6-a851-f73ba7dafda1,-3887.1666666666665,2986.181657978035,-77.008775,38.91256
70,08261245-1f3f-11e7-bf6b-3863bb334450,256.3333333333333,425.3588027901987,-76.974828,38.894474
71,99644655-ef85-4e13-a331-a344d88ded32,-200.0,,-77.059496,38.853002
72,1999643103701119546,5.0,484.99999999999994,-76.949287,38.935388
73,568a84a6-8911-48aa-8ad4-9a1b46564e9d,-927.25,793.4416986563452,-77.02791,38.95674
74,63fa246c-6bed-41f0-97eb-d2d7888c1db0,-1411.5,929.0447154649411,-77.027163,38.936228
75,d1fd7121-67e3-46a9-b415-e84a565394f2,4130.0,4091.0,-77.013821,38.958098
76,0824f3d6-1f3f-11e7-bf6b-3863bb334450,633.3333333333334,545.6901847914967,-77.091862,38.889396
77,082492e1-1f3f-11e7-bf6b-3863bb334450,-2436.0,1269.7641232021908,-77.047318,38.905711
78,08263b6d-1f3f-11e7-bf6b-3863bb334450,0.0,,-77.358741,38.959633
79,08249d44-1f3f-11e7-bf6b-3863bb334450,-4850.666666666667,2201.7953016811193,-77.022241,38.886266
80,ad6ec1ce-db22-47c1-acf3-507897d40725,2697.0,1659.0,-77.087128,38.936298
81,889571f8-5774-4097-a31f-4b6e3f5b4381,1000.0,,-77.050105,38.817019
82,0825f622-1f3f-11e7-bf6b-3863bb334450,-3611.0,1852.4736533520893,-77.026235,38.898243
83,0824aa39-1f3f-11e7-bf6b-3863bb334450,-1521.0,985.4612071764537,-77.029822,38.900283
84,1900610962867255780,-1800.0,300.0,-77.220829,38.927943
85,0825388d-1f3f-11e7-bf6b-3863bb334450,-2203.1111111111113,1135.5719122544526,-77.046564,38.901539
86,08250172-1f3f-11e7-bf6b-3863bb334450,-1683.5625,638.3065157688089,-77.041539,38.89968
87,08252a00-1f3f-11e7-bf6b-3863bb334450,300.0,1247.6644848141934,-77.107854,38.880012
88,141766fa-fa3b-4c61-8e46-a8673c910a0c,-5000.0,,-77.072558,38.802893
89,082494e7-1f3f-11e7-bf6b-3863bb334450,-1115.75,2801.59396222341,-76.987907,38.882915
90,3dd9e864-a5fc-4c27-b18e-325226089293,,,-76.952199,38.975505
91,55fc40ce-5be9-4e45-9c84-daacced3c852,404.42857142857144,815.7478268477353,-76.986385,38.884058
92,0826176a-1f3f-11e7-bf6b-3863bb334450,-1338.0,1419.0,-77.084636,38.958267
93,af5c5675-452b-4e1f-9d9f-7f4a0c50388d,-1000.0,,-77.065803,38.884533
94,0826132d-1f3f-11e7-bf6b-3863bb334450,,,-76.983683,38.915604
95,4f9000ec-e47e-494e-9b49-61e95b5a6f03,-3928.6666666666665,1315.9441036147332,-77.021595,38.914174
96,72e7c396-11ad-4e88-bf4b-e60584f748fc,550.0,5229.0,-77.038684,38.942146
97,0825f8da-1f3f-11e7-bf6b-3863bb334450,,,-77.057619,38.820064
98,461df1a0-fac6-4a11-ac4c-ff795e6299c9,-177.33333333333334,246.80986834223447,-77.0235,38.932128
99,0826233f-1f3f-11e7-bf6b-3863bb334450,423.5,1974.0857082035047,-77.049383,38.890539
100,89263cc9-13f6-4185-b315-5164c9bb930e,1370.0,,-77.012808,38.951596
101,8dfb34e2-7f75-4359-a374-5bf5e86c4793,400.0,305.5050463303894,-77.112754,38.882425
102,29f174dd-e7bc-4329-a570-0220f0d1be84,550.0,450.0,-77.353454,38.978503
103,174fc644-1a5a-4923-a8b5-373e0ad04525,1333.3333333333333,881.917103688197,-77.104784,38.874248
104,1939176485434179842,,,-77.066409,38.975739
105,08254d7e-1f3f-11e7-bf6b-3863bb334450,-1500.0,1499.9999999999998,-77.095431,38.84736
106,0627dc3c-5c62-4ab1-a6f0-3635c6f80d23,1093.0,466.99999999999994,-76.996023,38.922404
107,08249b10-1f3f-11e7-bf6b-3863bb334450,-3291.0,,-76.947974,38.894
108,082527e7-1f3f-11e7-bf6b-3863bb334450,-21157.0,1880.9999999999998,-77.037413,38.879819
109,199df30f-328b-48af-8627-952bd9d6fe7c,620.0,130.0,-76.955047,38.939271
110,0826533b-1f3f-11e7-bf6b-3863bb334450,-800.0,1200.0,-77.340787,38.970412
111,08251c45-1f3f-11e7-bf6b-3863bb334450,0.0,,-77.100989,38.850337
112,7c790f6e-7889-4c3c-97d6-ffd37e68bb2d,-284.0,,-76.983585,38.86044
113,0825f1f7-1f3f-11e7-bf6b-3863bb334450,100.0,,-77.146866,39.084379
114,0825180e-1f3f-11e7-bf6b-3863bb334450,4589.0,,-77.055599,38.930282
115,0825baa3-1f3f-11e7-bf6b-3863bb334450,-5069.5,4191.499999999999,-76.933099,38.908473
116,0824806c-1f3f-11e7-bf6b-3863bb334450,-1140.5,2150.5,-76.947446,38.897063
117,30b5e0c1-7ca6-4050-8566-3fccf0b60890,-1091.5,358.32608519801255,-77.025613,38.953663
118,1928837279316128558,-1151.0,1434.0,-77.058468,38.935842
119,08264173-1f3f-11e7-bf6b-3863bb334450,-2000.0,,-77.040691,38.812351
120,1934708272694780030,,,-76.980378,38.941733
121,5075ddc9-7546-44a6-9445-0a48a53267df,,,-76.945495,39.081638
122,08254529-1f3f-11e7-bf6b-3863bb334450,-400.3333333333333,1253.7905637616586,-77.082426,38.954812
123,082639c8-1f3f-11e7-bf6b-3863bb334450,,,-77.351649,38.955079
124,1957750905852681124,1100.0,,-77.241518,38.876903
125,0824833c-1f3f-11e7-bf6b-3863bb334450,917.0,,-77.000648,38.919077
126,0825fb66-1f3f-11e7-bf6b-3863bb334450,-1300.0,763.3260552782584,-77.05003,38.865553
127,08251984-1f3f-11e7-bf6b-3863bb334450,-6904.4,4757.784196451116,-77.056887,38.905126
128,1957757292469049786,100.0,,-77.204762,38.925572
129,0824e68d-1f3f-11e7-bf6b-3863bb334450,317.0,,-77.04657,38.88412
130,d61b3881-e324-4c6d-aa92-849716c70b04,,,-76.97703,38.84623
131,0824cfe7-1f3f-11e7-bf6b-3863bb334450,-4555.375,3595.056372186176,-77.053485,38.903827
132,08264525-1f3f-11e7-bf6b-3863bb334450,1920.0,,-77.107143,39.014716
133,7814989b-dc73-4a7e-bd23-f716b9abbbfe,1664.857142857143,1684.2230005691817,-76.99602,38.89222
134,1877158937567185816,-600.0,1077.0329614269008,-77.305336,38.844249
135,08258e2d-1f3f-11e7-bf6b-3863bb334450,138.0,,-77.0024,38.87501
136,f69c2ab2-8d2b-493a-9da4-3a76d0e34753,2165.0,1914.9999999999998,-77.1135,39.04317
137,fd44b399-4a55-4bbe-a326-20d138a2f0eb,,,-77.270731,38.877415
138,e9030e46-31bf-4def-befb-2e685ad48180,-333.6666666666667,619.7968305107014,-77.032956,38.931991
139,1892762694406615240,1000.0,,-77.282083,38.868545
140,183f8ffb-756c-4271-8d9a-a5cde3f13116,-204.0,1243.7164065815005,-76.964896,38.9252
141,0825b1a2-1f3f-11e7-bf6b-3863bb334450,620.0,,-77.006472,38.977933
142,39d08937-66b3-4fd8-89d0-49e5144f1922,,,-77.205428,38.900371
143,a7b98322-bdbb-421e-b2e4-1bb42ef9d01f,1025.6666666666667,4241.499787156006,-77.03188,38.910674
144,1901331776956725958,,,-77.350396,38.949366
145,082482b3-1f3f-11e7-bf6b-3863bb334450,-955.4615384615385,1336.9528864960275,-77.043368,38.895734
146,0825fa22-1f3f-11e7-bf6b-3863bb334450,425.0,480.23431780746364,-77.059821,38.833077
147,082620fc-1f3f-11e7-bf6b-3863bb334450,-973.125,1375.75616139816,-77.017247,38.890496
148,08249dad-1f3f-11e7-bf6b-3863bb334450,-4884.846153846154,2346.7334958600895,-77.026013,38.893028
149,0248fa3b-6df4-4fdc-ae31-ee2e4d177da8,1100.0,,-77.045916,38.852903
150,1999699654561182176,,,-76.868767,38.875772
151,08256ac9-1f3f-11e7-bf6b-3863bb334450,-3248.4285714285716,2097.542705990438,-77.02324,38.894851
152,08254284-1f3f-11e7-bf6b-3863bb334450,-455.875,1773.1217470638371,-77.049437,38.888255
153,0824bce1-1f3f-11e7-bf6b-3863bb334450,-1026.2857142857142,743.7513573988642,-77.001949,38.900412
154,c0ec45a3-ec59-4c82-9671-13d9c122be30,,,-77.341823,38.983199
155,08259c89-1f3f-11e7-bf6b-3863bb334450,928.8,534.7714839069114,-77.091991,38.982456
156,0824c229-1f3f-11e7-bf6b-3863bb334450,1015.4285714285714,1344.3651512382883,-76.988355,38.890461
157,1874573898176678104,-1200.0,1157.5836902790224,-77.303349,38.846972
158,1890204129337198944,,,-77.233583,38.879256
159,cdeeb133-ccd7-418f-a8d7-0b5c5380a8ae,,,-77.110014,38.815842
160,0825fbd3-1f3f-11e7-bf6b-3863bb334450,1278.4,2808.385294079144,-77.075135,38.964544
161,08256670-1f3f-11e7-bf6b-3863bb334450,-2421.0,949.5273260191844,-77.028139,38.916787
162,fbbeab20-556d-4275-98a9-f84d316c157f,126.5,578.3327041303013,-76.994897,38.899942
163,082514b8-1f3f-11e7-bf6b-3863bb334450,-3928.6666666666665,1315.9441036147332,-77.022155,38.912719
164,0825faf6-1f3f-11e7-bf6b-3863bb334450,-980.0,40.0,-77.000035,38.986743
165,0825ff8d-1f3f-11e7-bf6b-3863bb334450,-900.0,665.8328118479394,-77.09713,38.895377
166,08261e7a-1f3f-11e7-bf6b-3863bb334450,320.55555555555554,1635.2898580230622,-77.003135,38.894972
167,0825164b-1f3f-11e7-bf6b-3863bb334450,-911.6666666666666,454.7681949203474,-77.023795,38.928121
168,082522f0-1f3f-11e7-bf6b-3863bb334450,-1198.111111111111,3714.5184877287943,-77.028694,38.888774
169,08251448-1f3f-11e7-bf6b-3863bb334450,-20560.666666666668,20070.06643846613,-77.001828,38.881185
170,08260472-1f3f-11e7-bf6b-3863bb334450,-1500.0,500.0,-77.089133,38.862398
171,febec658-2bcd-473e-8ba8-f84f016da7cd,1000.0,800.0,-77.060899,38.83728
172,0825e4d5-1f3f-11e7-bf6b-3863bb334450,-1550.0,1520.142537176476,-77.088659,38.840654
173,08254dee-1f3f-11e7-bf6b-3863bb334450,-66.66666666666667,470.22453265552946,-77.089555,38.84232
174,0824eba7-1f3f-11e7-bf6b-3863bb334450,-500.0,1499.9999999999998,-77.076389,38.893438
175,472dee60-f045-4f2e-9807-193e3ae9b661,1650.0,350.0,-77.048043,38.800703
176,0825201c-1f3f-11e7-bf6b-3863bb334450,-188.75,2416.2379289231158,-77.012457,38.928743
177,8bbafd08-edb1-426d-94f4-c7b7d9be34dd,41.0,,-76.997226,38.938889
178,0825e3b0-1f3f-11e7-bf6b-3863bb334450,1007.25,196.9836604898995,-76.995876,38.920682
179,0825610d-1f3f-11e7-bf6b-3863bb334450,-4313.25,1608.03199465475,-76.983575,38.897195
180,0825f723-1f3f-11e7-bf6b-3863bb334450,-2254.7,1899.3594127728668,-77.051084,38.901755
181,08257325-1f3f-11e7-bf6b-3863bb334450,-1888.25,731.2726777110346,-77.023082,38.985404
182,082480f1-1f3f-11e7-bf6b-3863bb334450,1010.0,,-76.941877,38.901385
183,082518eb-1f3f-11e7-bf6b-3863bb334450,-13662.0,,-76.96012,38.896544
184,21cdfe0d-71ad-4302-a003-3cfc0d355af9,-1751.0,651.8095580765903,-77.000698,38.907316
185,0826380c-1f3f-11e7-bf6b-3863bb334450,-800.0,1200.0,-77.338686,38.970046
186,f0101beb-a103-46e4-93f5-c7880b85411b,500.0,,-77.195847,38.876912
187,10d57c0d-6f3c-45d1-8a12-eda5665e213c,-3040.0,,-76.891247,39.006191
188,8d68e4db-0bc9-440a-9b27-5d34ed1b93c9,400.0,,-77.348487,38.9667
189,dfa896d9-9209-413d-b494-e255ef513d2c,-7500.0,11499.999999999998,-77.129943,38.800077
190,082520aa-1f3f-11e7-bf6b-3863bb334450,1866.6666666666667,1484.7371634213393,-77.103148,38.882788
191,0826345e-1f3f-11e7-bf6b-3863bb334450,-8000.0,8999.999999999998,-77.240654,38.929261
192,0136af02-2670-4042-b5cd-18b46c15c0c1,0.0,,-77.361516,38.95866
193,e976c0ab-bc21-42b3-a2c2-b90def6f54f4,-500.0,500.0,-77.329282,38.966848
194,082650b1-1f3f-11e7-bf6b-3863bb334450,-2875.25,1186.3737027176555,-76.988422,38.988101
195,3af8c81c-b8d8-4af7-afe9-332a2cac4672,466.6666666666667,676.592771006148,-77.057274,38.836838
196,bed9b757-0df2-4a97-a6ac-415db00e82c8,-13662.0,,-76.967845,38.895955
197,f08db1df-054a-46c8-a3e1-b349f2a26d5e,,,-77.272999,38.873261
198,08263fbd-1f3f-11e7-bf6b-3863bb334450,0.0,1000.0,-77.340281,38.951419
199,5e571279-84a3-4dd6-9ee5-6a834e4c624a,666.6666666666666,333.3333333333333,-77.178408,38.87972
200,e456b38d-7f5e-4d06-b2bc-022b42097a06,4000.0,2000.0,-77.106111,38.837306
201,08254943-1f3f-11e7-bf6b-3863bb334450,-2091.0,,-77.032678,38.942475
202,1917259666206632502,1000.0,,-77.168902,38.766946
203,08253a4b-1f3f-11e7-bf6b-3863bb334450,-1000.0,1000.0,-77.044633,38.810741
204,0825be05-1f3f-11e7-bf6b-3863bb334450,-807.4545454545455,1672.3880441595886,-77.008911,38.899703
205,0825e1e5-1f3f-11e7-bf6b-3863bb334450,-905.5,1881.596409966813,-77.012108,38.900358
206,082644bc-1f3f-11e7-bf6b-3863bb334450,-454.0,391.9032264333746,-76.998405,38.902932
207,08252530-1f3f-11e7-bf6b-3863bb334450,680.0,1175.7550765359254,-77.089006,38.89593
208,1892760823152249488,2000.0,,-77.271538,38.869114
209,0825b553-1f3f-11e7-bf6b-3863bb334450,1307.25,1365.716257439053,-77.030371,38.994035
210,08258475-1f3f-11e7-bf6b-3863bb334450,,,-77.145213,39.094772
211,a07bd5e0-5136-4285-ae23-54a74124957e,-1169.6666666666667,948.6779104510538,-76.986813,38.907444
212,42ad2bc8-22b5-40f2-8a56-e562e4ecde07,,,-76.946361,38.959361
213,ee2cb739-9118-4069-b4f7-435ef53db537,-1897.5,652.4999999999999,-76.950009,38.883132
214,0824d0c6-1f3f-11e7-bf6b-3863bb334450,-2936.285714285714,1289.0834269482534,-77.00493,38.89696
215,0824773f-1f3f-11e7-bf6b-3863bb334450,-0.5,644.7840077628064,-77.047637,38.923203
216,e823318f-8406-4230-8072-1667f5de78d4,,,-77.359717,38.953691
217,082569e6-1f3f-11e7-bf6b-3863bb334450,-1500.0,1499.9999999999998,-77.072315,38.867262
218,066fd95e-0d37-4eea-a027-88c04277bb9d,-1053.0,,-76.996133,38.932243
219,6922a398-ec20-493d-a832-5e337cf335f5,0.0,,-76.878005,39.00031
220,082604dd-1f3f-11e7-bf6b-3863bb334450,-1618.0,991.7812618861941,-77.003666,38.89967
221,08261d9d-1f3f-11e7-bf6b-3863bb334450,-6623.6,5287.679496716873,-77.02601,38.884323
222,0826402c-1f3f-11e7-bf6b-3863bb334450,1000.0,1095.4451150103323,-77.070862,38.89386
223,0825213e-1f3f-11e7-bf6b-3863bb334450,640.0,1024.4998779892558,-77.10783,38.88397
224,08263cab-1f3f-11e7-bf6b-3863bb334450,-1575.6666666666667,1547.0886996046622,-76.913563,38.891805
225,082547de-1f3f-11e7-bf6b-3863bb334450,2655.6666666666665,2784.3166326966325,-77.019814,38.956556
226,0825be94-1f3f-11e7-bf6b-3863bb334450,-3500.0,2020.7259421636902,-77.093478,38.837846
227,08263959-1f3f-11e7-bf6b-3863bb334450,1000.0,577.3502691896258,-77.356324,38.960574
228,08254442-1f3f-11e7-bf6b-3863bb334450,-1818.75,1657.1125861286737,-77.018677,38.90093
229,68eaf9f5-7b2d-4f60-9f02-9f5ba1103f80,51.0,247.99999999999997,-77.068626,38.965775
230,0825ac97-1f3f-11e7-bf6b-3863bb334450,-2365.0,1195.0,-77.023854,38.989724
231,6e652351-dad9-45e4-a0a7-dda0417973f4,1666.6666666666667,614.6362971528591,-77.171891,38.880612
232,a2507ccc-aca1-48b2-a6a3-a3144ad92d21,-2824.5,1232.9932796969242,-77.04564,38.912644
233,08246df5-1f3f-11e7-bf6b-3863bb334450,233.33333333333334,959.7453365925313,-77.059936,38.862303
234,08252b28-1f3f-11e7-bf6b-3863bb334450,454.8,644.3760858380764,-76.9941,38.90509
235,08263aa1-1f3f-11e7-bf6b-3863bb334450,-1288.888888888889,1052.3520012656893,-77.005965,38.884916
236,0826183f-1f3f-11e7-bf6b-3863bb334450,1154.0,865.2914730501702,-77.036278,38.912652
237,08255063-1f3f-11e7-bf6b-3863bb334450,-4384.142857142857,2772.6672857649223,-77.038542,38.908568
238,0825b2e7-1f3f-11e7-bf6b-3863bb334450,-1025.5,445.49999999999994,-77.094589,38.977093
239,0824a703-1f3f-11e7-bf6b-3863bb334450,2270.0,2364.761341023656,-76.995916,38.894841
240,ebbf6e18-684d-4fc9-ad4d-c025b8d76556,-926.6666666666666,1268.6125404463642,-76.954803,38.965742
241,082624fc-1f3f-11e7-bf6b-3863bb334450,-737.6,1902.0293209563772,-77.013667,38.902571
242,6edca550-d78f-4c5d-ad2c-79d1ce88c48d,-3761.0,1271.0,-76.987125,39.04104
243,6d5ad96d-a704-4fa6-8b65-3ac643c5aa93,-1599.0,2409.9999999999995,-77.0078,38.915
244,1879766346478500482,,,-77.079119,38.9257
245,082605b0-1f3f-11e7-bf6b-3863bb334450,-3226.2,1210.2897752191413,-77.027855,38.961339
246,082623bf-1f3f-11e7-bf6b-3863bb334450,-2691.0,1561.3639870318516,-77.038325,38.888097
247,a77b8993-6d68-425e-a37a-0e613a7cb17a,3000.0,,-77.230766,38.878572
248,d72b1790-0fea-4af8-9d2a-fd4d4db24d1a,-2508.0,1964.9999999999998,-77.00223,38.82373
249,94b1507c-7f76-483c-b06a-a4131e0b5970,-541.5,3205.4999999999995,-77.020788,38.874821
250,3d8b6392-9572-4c65-b71c-fd8f03af9ab2,,,-77.209421,38.877818
251,8d8a3add-40b4-41ba-bffe-5a754ebc1625,,,-77.049436,38.793065
252,a3761e59-db36-4b61-8bb3-8d523af69b96,-1334.0,1444.1292647589876,-77.00077,39.00048
253,082537e4-1f3f-11e7-bf6b-3863bb334450,-1620.6666666666667,1133.1881394883749,-77.0284,38.903819
254,5eb5b5a7-db69-4d8a-a16a-604678a544b7,-1250.0,250.0,-77.127776,38.904252
255,1932168474073292810,-936.0,589.4228533065206,-76.982464,38.893062
256,1900964406001033780,1000.0,,-77.331794,38.95937
257,2a43f4e2-4102-482e-8879-245cf7555c6b,-1271.6666666666667,1131.9223078953391,-77.032687,38.934405
258,85c2fb24-d241-4550-8968-2cdf85462af7,-200.0,,-77.345874,38.93051
259,13c42471-96ab-441d-9a4c-bc57f7af6f9b,1000.0,,-77.353552,38.944013
260,08261f4b-1f3f-11e7-bf6b-3863bb334450,200.0,374.16573867739413,-77.156427,38.885321
261,0825e56c-1f3f-11e7-bf6b-3863bb334450,,,-77.166093,39.119765
262,08256e11-1f3f-11e7-bf6b-3863bb334450,-1890.3333333333333,1401.8116155730613,-77.013769,38.886978
263,5dfab137-f65a-41c0-99ef-d58f29a735b2,2000.0,,-77.361466,38.9523
264,0825525a-1f3f-11e7-bf6b-3863bb334450,-4643.666666666667,2984.9949376469267,-77.0352,38.92333
265,0825f2b1-1f3f-11e7-bf6b-3863bb334450,928.8,534.7714839069114,-77.094537,38.984691
266,08262494-1f3f-11e7-bf6b-3863bb334450,66.66666666666667,66.66666666666667,-77.064016,38.843422
267,83c9bc80-bc42-4e5d-9f5e-6c24812e6e37,333.3333333333333,760.1169500660922,-77.07386,38.895068
268,12b1c990-90e7-4fef-a5b9-c78d4c81af96,-9603.666666666666,4270.969653108973,-76.925315,38.883318
269,0826139b-1f3f-11e7-bf6b-3863bb334450,-3547.6,2642.092307244393,-77.08059,38.946182
270,08265124-1f3f-11e7-bf6b-3863bb334450,2236.6,1198.8142308130978,-77.05102,39.038424
271,84a0159b-5f00-417a-8f06-6c7c8437049f,8430.666666666666,3672.44701951044,-77.011915,38.870824
272,987decdd-577d-4614-a6eb-307944a634b4,-960.0,,-76.843263,38.908391
273,7c46ff05-4fca-44e6-a50b-acbc57e8100b,,,-77.01033,38.81909
274,0824f461-1f3f-11e7-bf6b-3863bb334450,-2599.75,2039.5210375232712,-77.04368,38.920669
275,0824c772-1f3f-11e7-bf6b-3863bb334450,-592.375,2849.757884061005,-77.022191,38.897283
276,1934289487117353510,841.0,1313.0,-77.007003,38.967492
277,08253b95-1f3f-11e7-bf6b-3863bb334450,1125.0,734.137816307901,-77.05293,38.805648
278,6ffb5d30-d3f4-462b-8182-c552bebc9310,,,-77.208127,38.924002
279,082595a1-1f3f-11e7-bf6b-3863bb334450,,,-77.149162,39.083673
280,08256d91-1f3f-11e7-bf6b-3863bb334450,-2183.9,1247.9243606885796,-77.013917,38.892275
281,08253c6b-1f3f-11e7-bf6b-3863bb334450,1000.0,,-77.052808,38.814577
282,0824ea2c-1f3f-11e7-bf6b-3863bb334450,1000.0,925.8200997725513,-77.072143,38.897218
283,d34d2639-ee43-4892-818f-f01116813744,-3400.0,,-76.954171,38.968842
284,0a5dbbe0-1325-49af-9fca-f0748ca06dc0,-1440.0,1234.7469376354006,-77.056873,38.864838
285,7a19d0e7-2b3c-4805-b843-1aec84a05bfe,555.0,,-77.074323,38.912614
286,c98241f4-a3c0-4eb8-86bd-dd057baa0192,1166.6666666666667,440.95855184409845,-77.349764,38.963782
287,d325a449-32d7-488d-b746-9455ad003834,-3799.714285714286,1892.645901959498,-77.048852,38.898925
288,77cd13d5-f671-437a-a59c-bcc74c6b211e,-1164.75,917.2709864047811,-76.972851,38.930774
289,08258d95-1f3f-11e7-bf6b-3863bb334450,-2688.285714285714,1443.3384699284886,-77.031887,38.921074
290,1917259953969440770,0.0,,-77.160014,38.775639
291,082572b6-1f3f-11e7-bf6b-3863bb334450,1500.0,645.4972243679028,-77.107906,38.871822
292,55d4e20d-6b27-485e-8115-4046ac2313ea,2026.0,,-77.090911,38.916501
293,08247c29-1f3f-11e7-bf6b-3863bb334450,-744.75,2337.0293242704506,-77.032688,38.938024
294,b554d2fc-8912-4730-b2cb-9a3e1a96b223,-1634.3684210526317,1072.9317850013742,-77.028061,38.901104
295,abd8bd04-94ec-4818-baf5-7f79742e982c,700.0,700.0,-77.084262,38.886256
296,0824739d-1f3f-11e7-bf6b-3863bb334450,-1025.0,3189.1417340720373,-77.05152,38.850688
297,3735d025-7e82-467c-8844-29d08d66b0e4,2100.0,1041.519037157701,-77.173605,38.885434
298,0825f3d4-1f3f-11e7-bf6b-3863bb334450,-1033.6666666666667,2132.513488299143,-77.067529,38.903732
299,f0d7675e-2ce0-41e7-94f5-28ca712fa456,0.0,1000.0,-77.118106,38.854019
300,0825b7cc-1f3f-11e7-bf6b-3863bb334450,,,-77.182669,39.110314
301,0825f4f2-1f3f-11e7-bf6b-3863bb334450,50.0,1034.0051579497401,-77.09169,38.894941
302,082630e2-1f3f-11e7-bf6b-3863bb334450,-500.0,1499.9999999999998,-77.047783,38.818748
303,08249a1c-1f3f-11e7-bf6b-3863bb334450,614.375,423.7274198577261,-76.996806,38.886952
304,2213781a-5c69-43eb-9b33-346d61e7e1ba,,,-76.975723,39.046144
305,0824fd71-1f3f-11e7-bf6b-3863bb334450,200.0,793.7253933193772,-77.09308,38.8881
306,08261407-1f3f-11e7-bf6b-3863bb334450,,,-77.076986,38.994113
307,d3cf2811-ca2e-4d2c-9843-8a90049b7b80,,,-77.362304,38.94335
308,d0a82ee8-e718-4598-aa5e-dda9292c248c,-3078.8333333333335,2268.170605233311,-76.983221,38.906299
309,0825460b-1f3f-11e7-bf6b-3863bb334450,-1000.0,,-77.080319,38.863833
310,54962348-19dd-47b8-a816-bce25eb658a1,-13662.0,,-76.969509,38.8975
311,bce02846-6f5e-466a-a643-50534a119533,-1150.0,4552.802156495543,-77.053052,38.89846
312,08257f71-1f3f-11e7-bf6b-3863bb334450,,,-77.202501,39.093783
313,08253976-1f3f-11e7-bf6b-3863bb334450,,,-77.040363,38.803124
314,ae00650a-be2d-4912-8f0d-8338b3754eed,-183.33333333333334,92.07484877955423,-76.995227,38.974205
315,0824a28b-1f3f-11e7-bf6b-3863bb334450,-2573.2727272727275,2287.4953078577173,-77.019347,38.897222
316,7346145e-f487-4f07-acb8-ed3e0b8b56bb,-2811.75,2126.773980116364,-77.044415,38.918777
317,7af26d39-a3b4-4fb3-b5b2-3acd415b9bea,-1000.0,1000.0,-77.098093,38.84404
318,1934706002043462112,-1957.0,2263.0,-76.978783,38.945068
319,08249fbc-1f3f-11e7-bf6b-3863bb334450,-2136.25,2348.4283175136516,-76.98825,38.900427
320,cec05512-b9d1-4671-bc76-8b168079db93,,,-76.916243,39.002459
321,08256fcd-1f3f-11e7-bf6b-3863bb334450,-1500.0,500.0,-77.086599,38.862478
322,08263d19-1f3f-11e7-bf6b-3863bb334450,875.0,426.95628191498326,-77.353414,38.960084
323,0825bd74-1f3f-11e7-bf6b-3863bb334450,-2757.0,,-77.088659,38.96115
324,08251d5a-1f3f-11e7-bf6b-3863bb334450,-1183.7777777777778,1062.6881180811333,-77.02622,38.9024
325,336a1fe2-8e92-49ad-ab6a-c6c392d3edcd,-1169.6666666666667,948.6779104510538,-76.985854,38.910993
326,1869388517211023780,,,-77.047846,38.833437
327,97506e92-1d23-4396-8ec8-e1901ccc22fa,2395.0,1684.9999999999998,-77.10933,39.049
328,0825f946-1f3f-11e7-bf6b-3863bb334450,-650.0,949.9999999999999,-77.058541,38.82595
329,0825881b-1f3f-11e7-bf6b-3863bb334450,1307.25,1365.716257439053,-77.029124,38.995256
330,08256b2e-1f3f-11e7-bf6b-3863bb334450,-873.5,923.4999999999999,-77.01597,38.917622
331,1877540418168925068,-1000.0,,-77.30938,38.837382
332,0825bc56-1f3f-11e7-bf6b-3863bb334450,-866.6666666666666,1159.7892528865368,-77.054277,38.862841
333,60e5f9b2-611b-4713-b34a-8ce2c2ee8ac8,-60364.0,60502.0,-77.002161,38.876823
334,0825bbc6-1f3f-11e7-bf6b-3863bb334450,-2033.3333333333333,1983.5434062415789,-77.089233,38.873755
335,a6076d62-317a-40be-80a3-5654a042c20a,,,-76.98185,38.84627
336,0824e72a-1f3f-11e7-bf6b-3863bb334450,-2692.8333333333335,1959.5109347833081,-77.026975,38.897857
337,0825fca2-1f3f-11e7-bf6b-3863bb334450,-967.7333333333333,983.1952548737962,-77.039643,38.898301
338,08247b29-1f3f-11e7-bf6b-3863bb334450,-2415.625,1264.868865838612,-77.046449,38.900711
339,3c6a1bf0-3aac-4406-990d-966cc8edca52,6000.0,,-77.331008,38.946735
340,08262094-1f3f-11e7-bf6b-3863bb334450,-600.0,1000.0,-77.062821,38.820058
341,08254a1e-1f3f-11e7-bf6b-3863bb334450,0.0,,-77.075104,38.847977
342,08251ded-1f3f-11e7-bf6b-3863bb334450,1700.0,2110.6870919205435,-77.097745,38.885801
343,08261fb3-1f3f-11e7-bf6b-3863bb334450,3000.0,,-77.135271,38.880992
344,c51f0090-a4f9-416d-a18b-6e0505b1dca1,-13758.0,1716.9999999999998,-76.926596,38.879575
345,082516c1-1f3f-11e7-bf6b-3863bb334450,-1854.2,815.4172796795515,-77.04062,38.917761
346,0824ff6e-1f3f-11e7-bf6b-3863bb334450,2150.0,2029.1623887703024,-77.095257,38.88701
347,08246e8c-1f3f-11e7-bf6b-3863bb334450,0.0,,-77.063416,38.863314
348,082528fb-1f3f-11e7-bf6b-3863bb334450,1500.0,1499.9999999999998,-77.116817,38.883921
349,c361d993-ebd8-4110-b10e-6bd2055fbe05,-1504.888888888889,1241.1710917566304,-77.027171,38.918199
350,0825e0a1-1f3f-11e7-bf6b-3863bb334450,2384.5,2974.5,-77.023894,38.997445
351,0824741d-1f3f-11e7-bf6b-3863bb334450,-2510.6428571428573,838.4607601029038,-77.0429,38.9003
352,082634c6-1f3f-11e7-bf6b-3863bb334450,-4750.0,4090.130397269342,-77.235955,38.92403
353,0826256c-1f3f-11e7-bf6b-3863bb334450,66.66666666666667,66.66666666666667,-77.063093,38.841291
354,082625d9-1f3f-11e7-bf6b-3863bb334450,-6000.0,,-77.053766,38.797557
355,3dc3100e-7a4c-4d34-8b92-e820f1bd46a0,-1217.75,1151.019575202785,-76.913188,38.888524
356,082603fc-1f3f-11e7-bf6b-3863bb334450,-4040.6666666666665,1303.1946558788181,-77.027115,38.913601
357,065defed-8e90-46b9-a106-28d590704cf8,-1500.0,500.0,-77.044095,38.870561
358,0826502d-1f3f-11e7-bf6b-3863bb334450,,,-76.988311,38.98265
359,0099b016-32c9-4536-ac4c-dcc1a117bd95,-1925.0,470.0,-76.945283,38.870353
360,1b1fd2f7-bcbd-43a2-bed1-ddf8e3cc4614,1856.0,,-77.103662,38.927294
361,1957669092295526720,-2000.0,2000.0,-77.156504,38.76843
362,1884993950171398452,-353.5,741.4999999999999,-77.083704,38.930316
363,082600d8-1f3f-11e7-bf6b-3863bb334450,,,-77.12712,38.876528
364,101824b5-2dd0-464c-bc7e-30481e00e6d7,-2833.285714285714,1616.588437689305,-77.041829,38.911268
365,08265638-1f3f-11e7-bf6b-3863bb334450,458.3333333333333,418.4138036813689,-77.040787,38.924088
366,c77801a4-2795-4f72-825e-c02f8facb72f,-3635.0,1144.9999999999998,-76.991824,39.039102
367,0826373c-1f3f-11e7-bf6b-3863bb334450,-2450.0,949.9999999999999,-77.225394,38.928919
368,082633ec-1f3f-11e7-bf6b-3863bb334450,-72136.0,,-76.982359,38.870695
369,c645ddde-0156-47ab-9616-3121f541a6f0,-904.0,806.0,-77.02155,38.947962
370,08246d68-1f3f-11e7-bf6b-3863bb334450,266.6666666666667,956.2658858520701,-77.05949,38.857866
371,0826154d-1f3f-11e7-bf6b-3863bb334450,-2000.0,0.0,-77.044097,38.812718
372,177f7198-8814-4068-b809-b6074346d2e9,-1506.5,876.5424975436159,-77.002257,38.911214
373,3f177fa3-6267-4138-82b3-6b528d71d3b2,-13928.0,13657.999999999998,-77.017699,38.881117
374,0825e443-1f3f-11e7-bf6b-3863bb334450,-2000.0,632.4555320336758,-77.076131,38.866471
375,686c82c2-23fe-4c15-9c75-708f61de98c7,1000.0,577.3502691896258,-77.35428,38.964208
376,08249c5a-1f3f-11e7-bf6b-3863bb334450,-103.0,330.21533378489056,-76.991016,38.933668
377,0cabc1c7-cf6f-4afd-9242-c011b77f6330,,,-76.993589,38.836646
378,5f19b359-6bc4-45f6-bdcf-31352690e6ee,0.0,577.3502691896258,-77.153953,38.878085
379,1875304680551764838,-600.0,927.3618495495705,-77.304435,38.849411
380,8aa43882-2e93-41fb-b55d-a6a15b5b446b,-350.0,650.0,-77.359341,38.966344
381,0824eb1b-1f3f-11e7-bf6b-3863bb334450,571.4285714285714,1020.2040612204072,-77.072305,38.8946
382,0826337e-1f3f-11e7-bf6b-3863bb334450,-1404.5,926.4999999999999,-76.925907,38.897407
383,2004427045420044368,,,-76.928879,38.978103
384,08263241-1f3f-11e7-bf6b-3863bb334450,-763.1052631578947,1022.328362164613,-77.034451,38.901136
385,08257239-1f3f-11e7-bf6b-3863bb334450,1000.0,,-77.11153,38.856319
386,08253e7e-1f3f-11e7-bf6b-3863bb334450,-4956.375,2504.945686162676,-77.026064,38.895914
387,08252387-1f3f-11e7-bf6b-3863bb334450,333.3333333333333,1666.6666666666667,-77.1207,38.87887
388,c778c501-ba47-479b-b652-831432ffd74f,1067.0,1021.0,-77.005497,38.824481
389,08249cd3-1f3f-11e7-bf6b-3863bb334450,-1437.5833333333333,1613.6733995074028,-77.046615,38.896114
390,0825b983-1f3f-11e7-bf6b-3863bb334450,-3281.5,5371.5,-77.01536,38.907333
391,08251bba-1f3f-11e7-bf6b-3863bb334450,1050.0,684.9574196011506,-77.107735,38.876393
392,08254770-1f3f-11e7-bf6b-3863bb334450,-1587.8333333333333,717.092342573659,-77.041571,38.918809
393,cd1394fa-9d06-4665-bd1c-d7580d97a550,-3997.6666666666665,2972.5398978726,-77.027127,38.925196
394,08251f03-1f3f-11e7-bf6b-3863bb334450,138.0,,-77.005727,38.878854
395,e581e0b6-51ea-416a-9ae7-6fe5219d7156,-50.0,,-77.120776,39.062041
396,0824749f-1f3f-11e7-bf6b-3863bb334450,-1739.3333333333333,871.5448990792794,-77.032096,38.917765
397,edb40673-8b68-4db1-b9bf-6cb7943fdb50,8000.0,,-77.179832,38.88837
398,082655cc-1f3f-11e7-bf6b-3863bb334450,-3266.0,2730.9032083421293,-77.065246,38.905509
399,1936546121234841642,-2196.0,,-76.991829,38.948307
400,7a00f0f5-f757-4715-9e89-58253ac36de0,,,-77.102019,38.859306
401,082554fb-1f3f-11e7-bf6b-3863bb334450,-930.5,562.4999999999999,-76.994749,38.897274
402,08256b90-1f3f-11e7-bf6b-3863bb334450,-1546.0,2463.0,-77.004746,38.918155
403,efe6a4e1-5900-46d6-9755-db074f87c5c2,-398.3333333333333,717.6002446425944,-77.051833,38.923389
404,08256ee8-1f3f-11e7-bf6b-3863bb334450,-631.3333333333334,639.9256033147743,-76.997194,38.927497
405,08249407-1f3f-11e7-bf6b-3863bb334450,322.6666666666667,752.7575786547899,-77.0023,38.8851
406,9029233f-84db-4f28-895d-8ecf727fb6d2,,,-77.167059,39.125828
407,32a59636-02e5-4c53-a437-020986923dca,480.0,500.39984012787215,-77.111066,38.888282
408,08247522-1f3f-11e7-bf6b-3863bb334450,286.0,21.999999999999996,-77.027822,38.929464
409,3f1dfbbd-7b34-4efd-91a3-60acad4cf42f,3591.0,2898.578272187936,-76.991476,38.885908
410,0824854e-1f3f-11e7-bf6b-3863bb334450,-1732.4285714285713,1453.7266536985105,-77.0446,38.9154
411,50cce12f-505a-414c-8b58-5bd4204a385e,6000.0,,-77.088985,38.827674
412,1893304030462804528,1000.0,,-77.21246,38.918988
413,1cc6ee60-b82f-4264-a490-6c3e5e656ccd,1000.0,,-77.116339,38.857049
414,08247dd0-1f3f-11e7-bf6b-3863bb334450,550.3333333333334,451.12863403296006,-76.9769,38.8896
415,08254e55-1f3f-11e7-bf6b-3863bb334450,0.0,,-77.084918,38.848454
416,0826168f-1f3f-11e7-bf6b-3863bb334450,5170.0,,-77.097882,38.999378
417,08247632-1f3f-11e7-bf6b-3863bb334450,-133.5,508.17721646423047,-77.042525,38.922849
418,0824920a-1f3f-11e7-bf6b-3863bb334450,-2472.9,1091.8196986885905,-77.0444,38.9101
419,08249f58-1f3f-11e7-bf6b-3863bb334450,-2830.2,2833.0911986732795,-77.079382,38.947607
420,b0cdb0b4-a4e5-47f2-90fd-f3f8266b809f,-1000.0,1000.0,-77.093879,38.820152
421,08263601-1f3f-11e7-bf6b-3863bb334450,6000.0,,-77.222115,38.920939
422,0824c8d2-1f3f-11e7-bf6b-3863bb334450,-2235.1111111111113,1228.3248127751115,-77.04478,38.908905
423,08249549-1f3f-11e7-bf6b-3863bb334450,-2471.5,2406.9487773250735,-77.0387,38.9121
424,0825f872-1f3f-11e7-bf6b-3863bb334450,-500.0,1499.9999999999998,-77.063562,38.802677
425,0825fd75-1f3f-11e7-bf6b-3863bb334450,-2833.285714285714,1616.588437689305,-77.041834,38.912648
426,1e196ee1-daa4-4fa6-b6f8-197b31e6d170,-2000.0,,-77.042817,38.814031
427,08251cd1-1f3f-11e7-bf6b-3863bb334450,680.0,1175.7550765359254,-77.086502,38.896923
428,082485e8-1f3f-11e7-bf6b-3863bb334450,-4540.7,1383.6643624007154,-77.022003,38.916137
429,0826190f-1f3f-11e7-bf6b-3863bb334450,182.0,829.82307351226,-77.093522,38.979875
430,eda09ed8-ca5e-4187-938c-3260cabdf82d,,,-77.033509,38.969489
431,082521d3-1f3f-11e7-bf6b-3863bb334450,2333.3333333333335,2848.0012484391773,-77.093485,38.884734
432,5017ea72-2248-4ba8-af83-d9c9718b51e0,4500.0,1499.9999999999998,-77.226266,38.910016
433,f4402219-23c9-43ce-8af4-62984ee9ab68,2412.5,913.2824434032285,-77.173438,38.883601
434,082549b0-1f3f-11e7-bf6b-3863bb334450,-4165.333333333333,2047.0268141325794,-77.032947,38.956432
435,071dcbf5-3f1e-45e0-a4a5-8717adb8743f,,,-77.337775,38.936061
436,cdaa435b-2b99-442a-a274-d6682067ad88,-250.0,400.0,-76.968084,38.955349
437,db81ad06-aad3-4e23-b2b9-05b39b41f8fc,,,-76.940981,38.876227
438,08254c82-1f3f-11e7-bf6b-3863bb334450,,,-77.093672,38.860344
439,0824f16b-1f3f-11e7-bf6b-3863bb334450,-1511.1666666666667,1647.2258489578007,-77.044334,38.894112
440,b6ea8d82-3226-4aef-a1d2-78076110e718,-700.0,700.0000000000001,-77.215624,38.928502
441,0541e06c-642c-4f31-9f24-19bfcbb8811d,-24146.666666666668,23994.80475945667,-76.978519,38.869337
442,0825459a-1f3f-11e7-bf6b-3863bb334450,-768.8888888888889,565.1944464922484,-77.003201,38.905691
443,79f2ceeb-df84-42dd-bf22-ceb9bc384af2,,,-77.199788,38.866361
444,0824a988-1f3f-11e7-bf6b-3863bb334450,433.5,121.49999999999999,-77.0682,38.916442
445,08254a91-1f3f-11e7-bf6b-3863bb334450,-1000.0,,-77.085931,38.8444
446,68bb0313-ccdb-4930-98ba-96d77ec986ef,-275.0,985.0,-77.11368,39.049765
447,9f86df22-57d4-498a-ab35-2d3fb76e4723,500.0,1499.9999999999998,-77.107734,38.841548
448,0825bb32-1f3f-11e7-bf6b-3863bb334450,-21157.0,1880.9999999999998,-77.03023,38.878433
449,0eae33bc-0b63-4120-ac4d-1e4ac729d524,2500.0,3499.9999999999995,-77.367868,38.937146
450,fc64c842-980f-40be-a4b6-7750a28ecc19,-6293.666666666667,5469.354633876936,-77.0026,38.7968
451,082617d2-1f3f-11e7-bf6b-3863bb334450,-1772.6666666666667,1237.5422327249191,-77.03625,38.928893
452,0825fddc-1f3f-11e7-bf6b-3863bb334450,233.33333333333334,959.7453365925313,-77.063275,38.859254
453,08254ebb-1f3f-11e7-bf6b-3863bb334450,-1661.5,912.3115787200481,-77.029417,38.987
454,d49c5d1b-d02b-4c35-b60d-ed3cc6d51479,14628.0,,-77.010551,38.866277
455,08249e19-1f3f-11e7-bf6b-3863bb334450,2224.5,7707.464623121319,-77.05557,38.897293
456,1929488402496518868,,,-77.304157,38.827501
457,0824c80d-1f3f-11e7-bf6b-3863bb334450,296.6875,999.271596041962,-77.038322,38.902061
458,0824d140-1f3f-11e7-bf6b-3863bb334450,-3731.909090909091,1186.5378318647413,-77.009888,38.897446
459,825f1146-bd56-4b4a-acfa-ff9d95472723,1000.0,1000.0,-77.1887,38.9001
460,eda4c5ee-faf7-4dae-b135-3065deb46ffe,4080.0,,-77.11287,39.04753
461,08253cdb-1f3f-11e7-bf6b-3863bb334450,975.0,1477.8221588991462,-77.060627,38.805763
462,41b8e956-0341-4752-89a4-659f7b9eabb8,1000.0,2000.0,-77.128908,38.809607
463,082565f9-1f3f-11e7-bf6b-3863bb334450,694.75,572.0277346131625,-76.987211,38.903732
464,08254215-1f3f-11e7-bf6b-3863bb334450,-2000.0,,-77.07592,38.887659
465,0825697c-1f3f-11e7-bf6b-3863bb334450,1750.0,1249.9999999999998,-77.08596,38.880705
466,f33b7c9d-11ff-4059-94e4-4a1206acd7a6,-10903.666666666666,8369.154165412683,-77.025236,38.88044
467,0825548f-1f3f-11e7-bf6b-3863bb334450,-57.888888888888886,319.3205653521084,-76.983326,38.889908
468,30c5787e-6fdb-421d-8eaf-32e652dbeae2,-4127.166666666667,2093.719296955646,-76.985133,38.924492
469,0825802a-1f3f-11e7-bf6b-3863bb334450,1162.3333333333333,1104.410300165256,-77.096539,38.988562
470,1936548863063266016,,,-76.957511,38.883843
471,082548ce-1f3f-11e7-bf6b-3863bb334450,-1285.0,573.9999999999999,-77.027333,38.949662
472,0824973c-1f3f-11e7-bf6b-3863bb334450,2605.5,3537.4999999999995,-77.072755,38.934881
473,0826030a-1f3f-11e7-bf6b-3863bb334450,-2533.5714285714284,2543.530915284263,-77.060173,38.902826
474,0824c69b-1f3f-11e7-bf6b-3863bb334450,-1281.5833333333333,1976.6059311214376,-77.031617,38.894514
475,8e3245e2-f310-4173-9c2d-9ad00587a23c,1000.0,,-77.100796,38.808161
476,5e828067-2fd6-4168-b150-5409754e734c,-3813.375,2468.104303896153,-77.038566,38.909858
477,08261aba-1f3f-11e7-bf6b-3863bb334450,-973.75,1455.0290589881704,-77.041544,38.893511
478,0826315d-1f3f-11e7-bf6b-3863bb334450,,,-77.047844,38.829545
479,0825ff20-1f3f-11e7-bf6b-3863bb334450,1500.0,500.0,-77.078317,38.898984
480,082619e1-1f3f-11e7-bf6b-3863bb334450,-4286.833333333333,3043.208464944706,-77.012365,38.908643
481,66fe4efd-f6de-4300-9b35-82e3aea013e5,,,-77.040293,38.801947
482,3c8cebaf-4155-47d8-8272-9d65831f33b8,590.0,,-76.937349,38.969581
483,0824bc70-1f3f-11e7-bf6b-3863bb334450,-215.25,309.3303683535037,-76.998347,38.899972
484,1b02c95b-63f9-41cd-8c0d-90334a29c7ce,,,-77.049772,38.832431
485,08249be7-1f3f-11e7-bf6b-3863bb334450,-4174.0,3097.4897363295117,-77.059117,38.902268
486,082638f2-1f3f-11e7-bf6b-3863bb334450,0.0,707.1067811865476,-77.233165,38.920687
487,66cac629-904e-4186-8431-44983be40985,,,-77.113454,39.0629
488,1874574408754907832,-1666.6666666666667,1201.850425154663,-77.30718,38.841099
489,1917259365558921792,0.0,,-77.150359,38.766844
490,08254f8e-1f3f-11e7-bf6b-3863bb334450,800.0,1319.090595827292,-77.06714,38.896553
491,1885353633083910806,-985.0,,-77.077214,38.931349
492,5205f20c-ded8-4469-bafd-021bc7229295,-3613.3333333333335,1446.0262714687371,-77.027118,38.920981
493,53ebbf74-92df-4665-b863-25bd2d96e0b7,-643.0,1774.9597849233762,-77.029779,38.908735
494,1e19ca16-ec12-48b9-bbbe-fe878745bb23,-9.0,295.273319711303,-77.028247,38.931322
495,0825b6a9-1f3f-11e7-bf6b-3863bb334450,2384.5,2974.5,-77.025608,38.997033
496,0826540e-1f3f-11e7-bf6b-3863bb334450,,,-77.016263,38.968935
497,08246c35-1f3f-11e7-bf6b-3863bb334450,800.0,1649.7474554205764,-77.049232,38.856425
498,082539e0-1f3f-11e7-bf6b-3863bb334450,600.0,1600.0,-77.043363,38.804718
499,08264097-1f3f-11e7-bf6b-3863bb334450,,,-77.027976,38.967505
500,772ca14a-a964-4745-ab93-37cc472d8ff2,,,-76.9753,38.840107
501,08259091-1f3f-11e7-bf6b-3863bb334450,-3213.0,4320.414293405977,-76.994468,38.876737
502,08253e02-1f3f-11e7-bf6b-3863bb334450,-4424.0,3531.1660424069014,-77.05152,38.9066
503,3d88e01e-e071-4638-829c-543410cded50,-92.0,459.902551789895,-76.995141,38.902594
504,37ea9197-6332-4bf7-8940-d3641f288869,3150.0,2849.9999999999995,-77.183178,38.890155
505,a826e5d0-8ee8-41a4-8c1d-1a2ad7212dec,-2450.0,949.9999999999999,-77.226644,38.92755
506,197e33c5-30cf-4007-b7a8-b9b1dfd064e3,-888.8571428571429,731.6532950911155,-77.002109,38.907073
507,0824979f-1f3f-11e7-bf6b-3863bb334450,-2091.0,,-77.032818,38.947774
508,06a14329-dedb-4152-b237-e59afccd8d42,-3088.285714285714,1923.1822055952905,-76.978627,38.901935
509,0825176c-1f3f-11e7-bf6b-3863bb334450,-2332.0,1148.2684064857544,-76.93723,38.889935
510,0825619c-1f3f-11e7-bf6b-3863bb334450,-1124.5,471.1210920064324,-76.990955,38.928644
511,0d183ef3-5510-4afd-8e0d-8d240d119255,-750.0,1632.2275168206993,-77.220729,38.931089
512,9c8b35b2-fcab-4142-957d-5bb845374685,6000.0,,-77.366499,38.941496
513,082469cc-1f3f-11e7-bf6b-3863bb334450,271.42857142857144,1127.093667826424,-77.053235,38.859751
514,08255561-1f3f-11e7-bf6b-3863bb334450,-1970.5,3.4999999999999996,-76.978924,38.927095
515,08247052-1f3f-11e7-bf6b-3863bb334450,-2500.0,7499.999999999999,-77.051514,38.848466
516,08251aba-1f3f-11e7-bf6b-3863bb334450,,,-76.987823,38.844711
517,0825b213-1f3f-11e7-bf6b-3863bb334450,2410.0,,-77.100104,38.992375
518,1959879531637832180,1000.0,,-77.109609,38.856645
519,5fdaa766-383e-4a92-b1bd-0e71138c6844,-3133.0,69002.99999999999,-76.981179,38.873926
520,1880134928431421876,1418.3333333333333,2449.6928605666285,-77.07643,38.941808
521,0824de05-1f3f-11e7-bf6b-3863bb334450,-610.1333333333333,1458.3792467330256,-77.027313,38.905579
522,082631cd-1f3f-11e7-bf6b-3863bb334450,-1772.6666666666667,1237.5422327249191,-77.032224,38.928552
523,33ae16de-ca5b-4253-9096-35ccae7bb8dd,3200.0,2417.298767908786,-77.176992,38.887403
524,0825467b-1f3f-11e7-bf6b-3863bb334450,10000.0,,-77.11255,38.847129
525,c271d265-76c8-49f9-9b3c-b9490fb97ac0,-250.0,1701.7148213885114,-77.222808,38.878601
526,08263bd6-1f3f-11e7-bf6b-3863bb334450,,,-77.357611,38.95534
527,4ae62d55-b4b3-47d7-ada9-79185e2be3b9,504.6666666666667,1046.3500582713439,-77.018221,38.942025
528,e9611824-0245-4482-bc8b-970c0eface40,93.375,400.2344374372529,-76.977187,38.885483
529,082654f4-1f3f-11e7-bf6b-3863bb334450,-6120.666666666667,4309.4190301916315,-77.021741,38.88345
530,08254ffb-1f3f-11e7-bf6b-3863bb334450,-5845.5,1634.5,-77.069956,38.955016
531,1929488700232798842,,,-77.307057,38.8348
532,08247310-1f3f-11e7-bf6b-3863bb334450,-1025.0,3189.1417340720373,-77.049723,38.852929
533,08264392-1f3f-11e7-bf6b-3863bb334450,1500.0,500.0,-77.112982,38.876695
534,fbd404e2-bd4c-464b-b0db-9eaa011a90ae,-2080.0,,-76.995922,38.961737
535,0824e24c-1f3f-11e7-bf6b-3863bb334450,-56.470588235294116,1204.9976449746546,-77.031898,38.898164
536,08258b3f-1f3f-11e7-bf6b-3863bb334450,-1338.0,1419.0,-77.085998,38.961763
537,bc1a59ac-f82d-44bd-9f2d-b5801f8bbb8d,,,-77.085066,38.824793
538,08246cd5-1f3f-11e7-bf6b-3863bb334450,-2433.3333333333335,669.1619966628244,-77.049417,38.861056
539,0825e31a-1f3f-11e7-bf6b-3863bb334450,-512.0,1172.0,-77.016855,38.975219
540,0825275b-1f3f-11e7-bf6b-3863bb334450,640.0,1024.4998779892558,-77.109366,38.882629
541,08251a1b-1f3f-11e7-bf6b-3863bb334450,-297.77777777777777,165.21062127695075,-76.983569,38.88732
542,0824cb9b-1f3f-11e7-bf6b-3863bb334450,-652.3571428571429,1744.7698881846443,-77.016106,38.895344
543,1872703318198888690,1666.6666666666667,333.33333333333337,-77.271911,38.865091
544,4784f152-5012-49fc-b1bb-723a6d73aa09,,,-77.013814,38.863743
545,08249aa2-1f3f-11e7-bf6b-3863bb334450,235.6315789473684,1146.1067130605143,-77.031686,38.899632
546,08247aa4-1f3f-11e7-bf6b-3863bb334450,-1307.5384615384614,1510.7647775275116,-77.045,38.8963
547,08247f59-1f3f-11e7-bf6b-3863bb334450,-1151.0,1434.0,-77.05753,38.933626
548,305ce636-23c1-42f3-a28b-8be4feca2e05,2560.0,,-77.129235,39.06219
549,7995da4d-4d99-4797-bb9f-37a51a28cc09,244.44444444444446,1915.7998845210489,-77.008246,38.902444
550,5945c731-a300-46e6-8e51-3236ad1f65f2,4937.0,,-76.825535,38.88994
551,0826547e-1f3f-11e7-bf6b-3863bb334450,-3424.0,,-76.979517,38.93293
552,a44778cc-274f-49d5-80dc-6e031113a7e3,,,-77.10994,38.812187
553,44b6aaca-6a97-425c-9d95-93a1d836c22d,,,-77.004122,39.031314
554,0826242b-1f3f-11e7-bf6b-3863bb334450,,,-77.0487,38.798133
555,0825f6b3-1f3f-11e7-bf6b-3863bb334450,1200.0,200.0,-77.080851,38.897612
556,0825ba12-1f3f-11e7-bf6b-3863bb334450,-2291.0,758.0,-76.931862,38.898536
557,082653a6-1f3f-11e7-bf6b-3863bb334450,2000.0,,-77.363094,38.955171
558,72c402d9-63d9-4025-95a9-1577a34e5f52,1000.0,1000.0,-77.114563,38.879477
559,ed8f70f3-15e3-448c-86c5-d27d87402ad3,626.0,,-77.002098,38.924144
560,08261620-1f3f-11e7-bf6b-3863bb334450,-500.0,866.0254037844386,-77.049468,38.813485
561,1890899353648060422,6000.0,,-77.241436,38.930767
562,08261e06-1f3f-11e7-bf6b-3863bb334450,2503.0,,-77.065115,38.947156
563,33efb11b-052f-437e-ab74-2e6b4661822d,1050.0,370.8099243547831,-77.166917,38.885621
564,343aa3f9-0b2f-4599-9854-81cbc04577f4,267.5,124.49999999999999,-76.993509,38.937849
565,08256742-1f3f-11e7-bf6b-3863bb334450,,,-77.039511,38.865029
566,0826366d-1f3f-11e7-bf6b-3863bb334450,0.0,,-77.217664,38.924437
567,08249e81-1f3f-11e7-bf6b-3863bb334450,-520.6666666666666,940.58533784967,-76.994716,38.884275
568,804fb759-1127-4059-a67a-c1fdd5d98082,,,-76.940547,39.085314
569,d2a6b8ef-0d6d-4037-84e4-b905142031fa,,,-76.97093,38.878771
570,08261b21-1f3f-11e7-bf6b-3863bb334450,-3224.0,1633.0144212467935,-77.048728,38.909394
571,08250371-1f3f-11e7-bf6b-3863bb334450,-2433.6666666666665,736.2520137682326,-77.017701,38.886372
572,1926924117062925284,-1952.0,2635.795104581032,-77.066074,38.912181
573,0825c063-1f3f-11e7-bf6b-3863bb334450,1358.0,3150.315910084786,-77.061977,38.941139
574,0825e5ff-1f3f-11e7-bf6b-3863bb334450,1408.0,,-77.103381,38.964992
575,0824c29d-1f3f-11e7-bf6b-3863bb334450,4619.0,,-76.9599,38.8692
576,0824ee0d-1f3f-11e7-bf6b-3863bb334450,1400.0,,-77.0846,38.891696
577,0824980b-1f3f-11e7-bf6b-3863bb334450,-1740.0,,-76.9784,38.865784
578,08252c4a-1f3f-11e7-bf6b-3863bb334450,-1672.9,899.9663135670999,-77.044789,38.903584
579,08251e7d-1f3f-11e7-bf6b-3863bb334450,-500.0,1499.9999999999998,-77.07857,38.893993
580,0824a43b-1f3f-11e7-bf6b-3863bb334450,385.63157894736844,1139.51747305892,-77.033354,38.899032
581,0825f465-1f3f-11e7-bf6b-3863bb334450,1333.3333333333333,2027.5875100994065,-77.060866,38.804378
582,08247baa-1f3f-11e7-bf6b-3863bb334450,-1984.6666666666667,1034.025198489433,-77.024181,38.936684
583,08263c43-1f3f-11e7-bf6b-3863bb334450,26.333333333333332,2415.944075879609,-77.048947,38.892441
584,08252645-1f3f-11e7-bf6b-3863bb334450,718.0,588.5779472593243,-77.090792,38.88081
585,99e66f13-6f03-4872-9f34-bcd92fe519fd,-1825.4,1966.0617555577107,-77.033234,38.892244
586,1996328198078007666,-110.22222222222223,654.2502659486101,-76.995358,38.884181
587,1929517249726509974,,,-77.308069,38.831211
588,0824c376-1f3f-11e7-bf6b-3863bb334450,-821.0,1050.8026138782361,-77.038252,38.915544
589,ce3db0b4-8c4f-4c6c-a059-73fff08c1edf,364.0,282.65880492211807,-77.142317,38.886048
590,08253ab7-1f3f-11e7-bf6b-3863bb334450,750.0,581.8075283115543,-77.049883,38.805317
591,1866861591028457548,-6255.0,,-76.96075,38.87795
592,0825bfcd-1f3f-11e7-bf6b-3863bb334450,-1000.0,,-77.095596,38.869418
593,08262027-1f3f-11e7-bf6b-3863bb334450,-700.0,378.59388972001824,-77.061715,38.812711
594,599f7a69-823e-419a-b70e-8f9666dd4bd1,,,-77.109975,38.811361
595,08261b89-1f3f-11e7-bf6b-3863bb334450,214.0,430.54539056101083,-77.038721,38.995681
596,082641e3-1f3f-11e7-bf6b-3863bb334450,-560.0,,-77.016311,38.990874
597,0825e27a-1f3f-11e7-bf6b-3863bb334450,-2697.5,2339.4999999999995,-77.002721,38.952369
598,082564e2-1f3f-11e7-bf6b-3863bb334450,-882.5,953.0727062157081,-76.999376,38.84323
599,5d8d5182-ea42-49ec-8cae-8891759f5751,,,-76.935246,38.872976
600,0824c604-1f3f-11e7-bf6b-3863bb334450,-1812.3076923076924,1824.4452876134899,-77.027959,38.898326
601,082525bb-1f3f-11e7-bf6b-3863bb334450,1400.0,,-77.08095,38.89054
602,082526d1-1f3f-11e7-bf6b-3863bb334450,400.0,305.5050463303894,-77.111768,38.881044
603,0824fb6c-1f3f-11e7-bf6b-3863bb334450,1550.0,150.0,-77.0889,38.8904
604,0824c309-1f3f-11e7-bf6b-3863bb334450,-388.6666666666667,464.6741988868234,-76.987633,38.894832
605,a62f9324-6f6e-4bdb-9206-3ca05517e607,-252.0,880.2404027688497,-76.99267,38.922489
606,08263885-1f3f-11e7-bf6b-3863bb334450,-1000.0,,-77.361902,38.962524
607,96ce48cf-5d98-4dfb-86b1-f461230cd193,-2504.9,2106.744615910212,-77.011616,38.897108
608,e800b2e8-5d8c-4ca1-920b-9622fa2a87ea,-2196.0,,-76.990157,38.943596
609,08253908-1f3f-11e7-bf6b-3863bb334450,-2037.923076923077,772.3037088721461,-77.043386,38.901633
610,1873077316413198460,-2000.0,577.3502691896258,-77.302732,38.850932
611,08247cac-1f3f-11e7-bf6b-3863bb334450,143.0,,-76.9955,38.9346
612,f75a76bb-34fc-4ee3-81d9-f23d9867017d,-1000.0,,-77.331653,38.933923
613,0826359a-1f3f-11e7-bf6b-3863bb334450,2333.3333333333335,1855.9214542766742,-77.221179,38.919475
614,5d8b76d9-ae82-464b-87f1-37553a9fec6c,-3429.214285714286,2120.4741750931676,-77.023979,38.89428
615,0824f08b-1f3f-11e7-bf6b-3863bb334450,-1400.3333333333333,514.4033220905342,-76.952103,38.86559
616,0824866e-1f3f-11e7-bf6b-3863bb334450,1500.0,1199.3053545004013,-77.053412,38.854381
617,a10f8bfa-1324-411c-b358-3fbd94eff32b,-3902.777777777778,2289.465523373534,-77.023924,38.898097
618,c139589c-fe21-4834-a2a1-5528f7dd2152,-600.0,,-77.053734,38.813474
619,5f71434d-dc5c-45ff-8219-708a3d9a0691,4442.0,4304.0,-77.006072,38.876893
620,08254f20-1f3f-11e7-bf6b-3863bb334450,-3342.5,2947.064429224444,-77.063586,38.90849
621,08263311-1f3f-11e7-bf6b-3863bb334450,,,-76.971923,38.91263
622,08263a37-1f3f-11e7-bf6b-3863bb334450,0.0,,-77.359718,38.957037
623,0824f644-1f3f-11e7-bf6b-3863bb334450,-3493.153846153846,1468.5113072653119,-77.039802,38.905996
624,08247ed8-1f3f-11e7-bf6b-3863bb334450,-808.0,240.0,-76.969184,38.861663
625,3900eddf-b06d-4763-af70-1126603508d0,-2964.0,1825.1326631495144,-77.022684,38.917716
626,0825b738-1f3f-11e7-bf6b-3863bb334450,,,-77.171487,39.114688
627,f0d65475-a505-474b-a40f-2488459105ac,-4763.333333333333,929.2529855271445,-76.9807,38.9725
628,0824a68f-1f3f-11e7-bf6b-3863bb334450,-8245.25,6487.568874072424,-77.023054,38.878694
629,082651f8-1f3f-11e7-bf6b-3863bb334450,4496.5,1906.5,-77.048395,39.035965
630,08258785-1f3f-11e7-bf6b-3863bb334450,620.0,,-77.006311,38.983627
631,fe755eaf-7f1f-48df-bc40-f51d2af775d1,175.5,568.33327956989,-76.992725,38.899984
632,0825f58d-1f3f-11e7-bf6b-3863bb334450,2000.0,,-77.104503,38.869442
633,472d3644-c8f4-4912-ad84-79f11cee2e49,1000.0,1095.4451150103323,-77.071452,38.896087
634,0825f344-1f3f-11e7-bf6b-3863bb334450,-2000.0,,-77.071301,38.88992
635,08259e6f-1f3f-11e7-bf6b-3863bb334450,-3470.0,,-77.044563,39.025387
636,08258395-1f3f-11e7-bf6b-3863bb334450,2410.0,,-77.098029,38.98954
637,0824f8a2-1f3f-11e7-bf6b-3863bb334450,-2518.3333333333335,1687.4731085452863,-77.0325,38.9059
638,90682a3e-9cb2-43d1-b104-61c50043d35b,-3635.0,1144.9999999999998,-76.994539,39.037981
639,08261d35-1f3f-11e7-bf6b-3863bb334450,-2309.875,1924.3449946623766,-77.027088,38.908431
640,0824b9cc-1f3f-11e7-bf6b-3863bb334450,-1037.6153846153845,1515.0460665690764,-77.023086,38.8997
641,082546fc-1f3f-11e7-bf6b-3863bb334450,0.0,0.0,-77.069275,38.846222
642,08254123-1f3f-11e7-bf6b-3863bb334450,250.0,250.0,-77.08777,38.884961
643,880978b9-5084-4576-a206-8d94cdbf4427,1251.4444444444443,1331.0616597195296,-76.998413,38.892875
644,ce78d5f4-486a-4a64-8518-5a10bfd7ef94,224.33333333333334,871.5897990326515,-77.05006,39.04313
645,8a10969e-9861-4926-bda6-f0b58a0c253d,-8001.5,10389.5,-77.005174,38.853124
646,48ca5477-32a2-485d-961d-5371f2d1d5e1,,,-77.2283,38.8828
647,082476ba-1f3f-11e7-bf6b-3863bb334450,-3378.8,1765.2301096457652,-77.0322,38.9268
648,08249671-1f3f-11e7-bf6b-3863bb334450,-19684.85714285714,17028.824878267253,-76.9953,38.8792
649,52ba8179-5dda-404f-abba-796b3f645434,,,-76.981155,39.044944
650,199ecf43-3fcc-446e-8b91-e151e7ad617f,-2000.0,,-77.074893,38.890863
651,1926601045514275106,-756.3333333333334,1928.621910127079,-77.023885,38.906622
652,523db239-4cfe-4d84-b8ff-60f1ad4d342c,-4000.0,,-77.225262,38.868536
653,5ac39643-b36d-415f-bbb4-1a5e2c61d98d,3000.0,,-77.135788,38.809709
654,0824e7c1-1f3f-11e7-bf6b-3863bb334450,2113.2,5096.694069688702,-77.049882,38.896104
655,0825bf2b-1f3f-11e7-bf6b-3863bb334450,-3050.0,2949.9999999999995,-77.082104,38.873219
656,082515d4-1f3f-11e7-bf6b-3863bb334450,-2124.3333333333335,1180.6495857977695,-77.012289,38.915417
657,08252a92-1f3f-11e7-bf6b-3863bb334450,8000.0,,-77.100302,38.884703
658,c9760156-83bd-4a7d-9dfa-85d7ee463f62,32183.0,,-76.955687,38.921641
659,08255427-1f3f-11e7-bf6b-3863bb334450,-2766.5714285714284,1333.2461612660327,-77.017669,38.912659
660,0825fc3a-1f3f-11e7-bf6b-3863bb334450,-1695.5,1322.5290833534773,-77.034918,38.903649
661,082632a8-1f3f-11e7-bf6b-3863bb334450,-3582.5,3526.199665834783,-77.080217,38.949813
662,0825fe4c-1f3f-11e7-bf6b-3863bb334450,-1193.3333333333333,882.8798206878317,-76.99707,38.907908
663,1871684492868499562,4000.0,,-77.282077,38.866659
664,909f576d-3523-4646-aa26-900ba8c9cd13,-5032.0,,-76.985438,39.045652
665,08246f1f-1f3f-11e7-bf6b-3863bb334450,800.0,1649.7474554205764,-77.051698,38.857785
666,0824bc00-1f3f-11e7-bf6b-3863bb334450,-4059.8333333333335,2974.112970468861,-77.004615,38.91066
667,730f282a-2f5b-4fda-b82f-5c94b3d5a2a6,2666.6666666666665,1763.8342073763938,-77.23034,38.92245
668,082612c1-1f3f-11e7-bf6b-3863bb334450,-1493.0,,-76.992786,38.896226
669,068e6359-1741-4240-9ed1-07a9038bc319,565.5,2274.5,-76.960054,38.936213
670,08265563-1f3f-11e7-bf6b-3863bb334450,,,-77.164969,39.121327
671,0824960b-1f3f-11e7-bf6b-3863bb334450,-5230.5,4493.370848631719,-77.0135,38.9126
672,d4e8307d-5fb2-4ece-a66a-1522b1ebf79c,,,-77.016059,38.782633
673,0826029e-1f3f-11e7-bf6b-3863bb334450,2000.0,3605.55127546399,-77.068121,38.86215
674,082483c2-1f3f-11e7-bf6b-3863bb334450,-2520.3333333333335,1427.4103007428057,-77.0259,38.9172
675,d39e9b29-0ba7-453f-9f1e-b0a856d448b7,1400.0,0.0,-77.082089,38.892556
676,082543d4-1f3f-11e7-bf6b-3863bb334450,-1459.3846153846155,1516.1119535249702,-77.045128,38.894722
677,08259009-1f3f-11e7-bf6b-3863bb334450,-1112.4285714285713,1306.5599845385127,-77.025672,38.920387
678,2f12b7e0-a0f1-49ed-92d8-784133ea9168,-317.0,,-77.051097,39.047323
679,08247a21-1f3f-11e7-bf6b-3863bb334450,-2261.75,2790.8452108763445,-77.0323,38.9086
680,082616fc-1f3f-11e7-bf6b-3863bb334450,,,-77.127671,38.884829
681,5982cdb9-2f4d-490f-8e7c-030adfac87be,528.5714285714286,313.744122095793,-77.16212,38.88715
682,08261a52-1f3f-11e7-bf6b-3863bb334450,-225.0,1174.672862261376,-77.008133,38.831516
683,13a88d55-7065-4bf0-9472-b78e8fafdfb3,-4000.0,,-77.230632,38.872642
684,08261c65-1f3f-11e7-bf6b-3863bb334450,-3712.6666666666665,3152.4131144956946,-77.032375,38.925284
685,3d461075-4edb-497f-89d7-b7beb7595b20,544.6363636363636,1174.2266102551948,-77.033381,38.896465
686,08256a59-1f3f-11e7-bf6b-3863bb334450,728.2307692307693,683.109989959628,-77.001955,38.887378
687,5f060548-684b-469b-8825-66c80d77a874,1000.0,,-77.128015,38.887914
688,99ddcd49-1312-4d80-8030-9bc2732deb5c,5705.0,3041.0,-77.012443,38.876211
689,0824c0d5-1f3f-11e7-bf6b-3863bb334450,-2588.0,1443.2219510525747,-76.982872,38.900413
690,3ced143d-294e-4050-80a7-b40d76c42c0d,2640.0,,-77.1257,39.04873
691,e710493d-96af-49da-a8ed-8e3e7301c82c,4539.0,,-77.106913,38.935839
692,082615b7-1f3f-11e7-bf6b-3863bb334450,975.0,1477.8221588991462,-77.059817,38.80704
693,79ae0ec5-9bbd-41ee-a9e9-7753233b5e77,-1757.5,841.4406792321528,-76.999167,38.907287
694,7fcbf92d-a257-4973-828b-181d5602eee5,-2482.8571428571427,1845.0240114496464,-77.034674,38.905424
695,9b9156b3-51c3-44c8-af49-46e3f4dea30f,-1499.25,870.3023780081649,-77.019125,38.937135
696,08249480-1f3f-11e7-bf6b-3863bb334450,7362.6,7661.959877211574,-76.9862,38.8803
697,5efd5ecc-a734-4e7b-9142-a500a317df60,-1463.3333333333333,872.8751979012299,-76.940133,38.95548
698,0826410b-1f3f-11e7-bf6b-3863bb334450,4000.0,2000.0,-77.227417,38.923083
699,082513a4-1f3f-11e7-bf6b-3863bb334450,-2786.4285714285716,850.8066720455821,-77.017445,38.88412
700,1890899920583743818,533.3333333333334,290.5932629027116,-77.213879,38.916908
701,082496d9-1f3f-11e7-bf6b-3863bb334450,2697.0,1659.0,-77.087171,38.938736
702,7641069c-42a6-4e3e-9769-7df51da6978d,-5238.0,,-76.977688,38.857369
703,1872701449888114846,1666.6666666666667,333.33333333333337,-77.271483,38.86476
704,8321ef62-caa3-45ea-95b2-4a4a97964625,1750.0,1250.0,-77.055911,38.806002
705,0824a4ce-1f3f-11e7-bf6b-3863bb334450,-1226.1,1851.1082233204097,-77.02227,38.905737
706,60b9672e-7668-431b-801b-affaccb680bb,-1797.0,,-77.018135,38.921233
707,5e229707-ae42-42f7-b31d-1a65af253027,,,-77.105564,38.818509
708,72b359a7-f70e-4b97-aaf6-2b26f09f19b1,,,-76.97557,38.84377
709,71686e8c-9f47-4a65-8840-c7276be3786e,-1000.0,0.0,-77.082491,38.864694
710,0824821f-1f3f-11e7-bf6b-3863bb334450,-3701.0,,-76.988039,38.867373
711,84223eb6-9964-4bd7-85f0-2b6a316c3ba1,1500.0,500.0,-77.355299,38.949008
712,bc4fc3e2-2050-4571-851b-47f062319f95,-1000.0,,-77.354067,38.938797
713,fe33785a-90bb-40e0-9dce-91968006a5c6,5000.0,,-77.11893,38.814305
714,115f58ec-eddc-40cf-a789-13517d5df2a4,1327.0,,-76.960696,38.921986
715,08261977-1f3f-11e7-bf6b-3863bb334450,-1131.1,1043.059330956172,-77.031737,38.903658
716,08247269-1f3f-11e7-bf6b-3863bb334450,9000.0,,-77.0502,38.8426
717,9a93cdb5-bd4e-43b8-87f3-81dc9063999f,-39954.0,40456.54584036227,-77.000736,38.876751
718,08248172-1f3f-11e7-bf6b-3863bb334450,-2484.0,,-76.994578,38.862601
719,c7402dc0-b498-47b0-8977-2b9d671a62bb,2605.5,3537.4999999999995,-77.075277,38.939674
720,2005163140164225490,,,-76.939269,38.978008
721,08256549-1f3f-11e7-bf6b-3863bb334450,-3701.0,,-76.990037,38.863897
722,b053927b-0761-40d0-a3ff-8a63fa1c7141,-275.0,985.0,-77.115438,39.051022
723,08253c00-1f3f-11e7-bf6b-3863bb334450,-500.0,1499.9999999999998,-77.050276,38.811456
724,0825f9b6-1f3f-11e7-bf6b-3863bb334450,3500.0,2499.9999999999995,-77.053096,38.820932
725,08247e59-1f3f-11e7-bf6b-3863bb334450,286.0,21.999999999999996,-77.0315,38.9308
726,082495aa-1f3f-11e7-bf6b-3863bb334450,4887.5,2384.5,-77.063896,38.944551
727,d8a01502-8d6c-449f-852d-d6b409e56e11,602.5,628.5,-77.085646,38.909701
728,8d485a67-09d5-4550-8438-f1fa2f463bc2,-1000.0,,-77.07716,38.862862
729,0824a53f-1f3f-11e7-bf6b-3863bb334450,929.5,263.5,-77.043358,38.927872
730,08260549-1f3f-11e7-bf6b-3863bb334450,-4145.2,1726.4992151750314,-77.02277,38.90864
731,92dd5072-b877-45d6-ba24-c5acbe66733b,-1749.2,795.9028458298161,-76.979634,38.897808
732,b8b6903d-fabc-48aa-af9b-2c5fb29344b9,-1834.875,1063.0079867577263,-77.005649,38.902386
733,55d3b43f-4ad3-4d65-889a-560ebe6126bf,,,-77.0167,38.7859
734,b8ba3b0d-9efa-4093-8baa-bb3e7d384c46,-8000.0,,-77.082463,38.802738
735,0824eea3-1f3f-11e7-bf6b-3863bb334450,-300.0,1699.9999999999998,-77.079375,38.892164
736,08247d46-1f3f-11e7-bf6b-3863bb334450,-1816.5833333333333,1646.5893006837687,-77.019181,38.902734
737,08252874-1f3f-11e7-bf6b-3863bb334450,-3701.0,,-76.985238,38.866611
738,0825f794-1f3f-11e7-bf6b-3863bb334450,,,-77.068952,38.801111
739,0824a623-1f3f-11e7-bf6b-3863bb334450,-2612.25,2038.7018490124215,-77.06269,38.90375
740,0825f807-1f3f-11e7-bf6b-3863bb334450,3500.0,2499.9999999999995,-77.047494,38.82175
741,8083cb0d-c3a4-417e-b46e-afe6cf1a7e67,,,-77.0009,38.836
742,082642bd-1f3f-11e7-bf6b-3863bb334450,-1735.4,2256.8392410625975,-76.990121,38.882489
743,affeb890-08dc-46d2-9f8a-3eedf4452640,-3664.0,1582.0550023001827,-77.038627,38.906767
744,08249345-1f3f-11e7-bf6b-3863bb334450,584.3333333333334,1023.0506744730109,-77.03863,38.90276
745,0825962a-1f3f-11e7-bf6b-3863bb334450,,,-77.15741,39.123513
746,1936549598369980886,-238.66666666666666,118.9037893050979,-76.970997,38.868356
747,ccd82461-11b7-4553-b70b-6cb7e5e4f8c2,-6293.666666666667,5469.354633876936,-77.00103,38.798749
748,65c9578a-8bda-4908-b626-06371c09338b,-4000.0,,-77.22997,38.870093
749,0824cd3d-1f3f-11e7-bf6b-3863bb334450,-781.25,1431.3654538586572,-77.043074,38.892212
750,082618a7-1f3f-11e7-bf6b-3863bb334450,,,-77.051168,38.999679
751,0824e189-1f3f-11e7-bf6b-3863bb334450,-1453.5,1799.4999999999998,-77.070334,38.922581
752,eab74a15-a9dd-4813-a6a9-c445782f6920,-3963.6666666666665,1868.5779203566665,-76.984512,38.855004
753,8429af9f-3adc-4db6-b96a-7fd9c75fe3a3,-3290.8,1311.7114079620476,-77.046913,38.898302
754,08247896-1f3f-11e7-bf6b-3863bb334450,-451.0,1852.9077149172865,-77.017807,38.876941
755,a0121df5-4df5-425f-afb8-77dc94dc6d1b,200.0,173.20508075688775,-77.351837,38.973625
756,1923638474906011698,-1779.5,1312.6703628782618,-77.035866,38.902677
757,0825fff6-1f3f-11e7-bf6b-3863bb334450,-1550.7692307692307,729.8373471222461,-77.043182,38.898412
758,08251f93-1f3f-11e7-bf6b-3863bb334450,346.0,,-77.077271,38.922649
759,ac598bfa-89c4-4229-a397-a6279b4cd536,,,-76.941867,39.077875
760,0825bce9-1f3f-11e7-bf6b-3863bb334450,,,-77.109647,38.999634
761,08261bf4-1f3f-11e7-bf6b-3863bb334450,,,-77.0447,38.799267
762,08264325-1f3f-11e7-bf6b-3863bb334450,-5037.0,,-77.002239,38.957463
763,082553a7-1f3f-11e7-bf6b-3863bb334450,2216.4444444444443,1100.2275410001828,-76.995193,38.889988
764,08259804-1f3f-11e7-bf6b-3863bb334450,-15.75,401.7997791189039,-77.02935,38.990249
765,50a19df9-344a-49e6-aeab-f244d9a333c8,-700.0,700.0000000000001,-77.217376,38.926973
766,0825e147-1f3f-11e7-bf6b-3863bb334450,,,-77.145803,39.085394
767,0825feb6-1f3f-11e7-bf6b-3863bb334450,3000.0,,-77.104562,38.896456
768,5a3453ad-43af-495d-ba1f-e8be6b66e2e8,7214.0,,-76.96128,38.890461
769,0825b10b-1f3f-11e7-bf6b-3863bb334450,-512.0,1172.0,-77.01121,38.975
770,08263b08-1f3f-11e7-bf6b-3863bb334450,2000.0,,-77.339391,38.946608
771,314fc12d-7275-4936-a245-a1febd3c95df,-513.8888888888889,2075.832426364344,-77.011987,38.903819
772,21858490-7495-4942-b0eb-5e956db26b16,11687.0,2941.0,-77.010815,38.869683
773,0825fd09-1f3f-11e7-bf6b-3863bb334450,5.0,75.0,-77.034499,38.997653
774,082566d7-1f3f-11e7-bf6b-3863bb334450,0.0,,-77.105022,38.852248
775,0825b42a-1f3f-11e7-bf6b-3863bb334450,-750.0,690.0,-77.141378,39.076331
776,47ea64ba-00cd-4762-a90c-240244d1e4c8,-1532.5,737.6304336138841,-77.039778,38.896604
777,082498ac-1f3f-11e7-bf6b-3863bb334450,-808.5,576.0026764984111,-76.971015,38.873057
778,08264250-1f3f-11e7-bf6b-3863bb334450,-2295.222222222222,1158.950827949546,-77.034449,38.919019
779,08261ccf-1f3f-11e7-bf6b-3863bb334450,6000.0,,-77.049265,38.822738
